Generated at:,"Mon Jun 26, 05:22:55 PM EDT"
Date,GUID,Login,Region,Device,Ad Type,Ad Size,Ad Requests,Blocked Requests,Imp. Served,CPM,Estimated Revenue
2017-06-25,aBxmEWIJqr5QPcrkHcnlKl,dnevno.hr,United States,tablet,In-View,all,187,0,0,$0.00,$0.00
2017-06-25,aBxmEWIJqr5QPcrkHcnlKl,dnevno.hr,United States,tablet,In-View,728x90,0,0,159,$2.52,$0.40
2017-06-25,aBxmEWIJqr5QPcrkHcnlKl,dnevno.hr,United States,tablet,In-View,160x600,0,0,108,$2.50,$0.27
2017-06-25,aBxmEWIJqr5QPcrkHcnlKl,dnevno.hr,United States,mobile,In-View,all,2581,0,0,$0.00,$0.00
2017-06-25,aBxmEWIJqr5QPcrkHcnlKl,dnevno.hr,United States,mobile,In-View,320x50,0,0,3543,$1.00,$3.54
2017-06-25,aBxmEWIJqr5QPcrkHcnlKl,dnevno.hr,United States,mobile,In-View,320x100,0,0,120,$1.00,$0.12
2017-06-25,aBxmEWIJqr5QPcrkHcnlKl,dnevno.hr,United States,desktop,In-View,all,9630,2,0,$0.00,$0.00
2017-06-25,aBxmEWIJqr5QPcrkHcnlKl,dnevno.hr,United States,desktop,In-View,728x90,0,0,216,$2.50,$0.54
2017-06-25,aBxmEWIJqr5QPcrkHcnlKl,dnevno.hr,United States,desktop,In-View,400x300,0,0,374,$2.51,$0.94
2017-06-25,aBxmEWIJqr5QPcrkHcnlKl,dnevno.hr,United States,desktop,In-View,300x600,0,0,283,$2.51,$0.71
2017-06-25,aBxmEWIJqr5QPcrkHcnlKl,dnevno.hr,United States,desktop,In-View,300x250,0,0,143,$2.52,$0.36
2017-06-25,aBxmEWIJqr5QPcrkHcnlKl,dnevno.hr,United States,desktop,In-View,160x600,0,0,137,$2.48,$0.34
2017-06-25,aBxmEWIJqr5QPcrkHcnlKl,dnevno.hr,Rest of the World,tablet,In-View,all,14024,48,0,$0.00,$0.00
2017-06-25,aBxmEWIJqr5QPcrkHcnlKl,dnevno.hr,Rest of the World,tablet,In-View,728x90,0,0,2736,$1.25,$3.42
2017-06-25,aBxmEWIJqr5QPcrkHcnlKl,dnevno.hr,Rest of the World,tablet,In-View,160x600,0,0,2282,$1.25,$2.85
2017-06-25,aBxmEWIJqr5QPcrkHcnlKl,dnevno.hr,Rest of the World,mobile,In-View,all,130363,362,0,$0.00,$0.00
2017-06-25,aBxmEWIJqr5QPcrkHcnlKl,dnevno.hr,Rest of the World,mobile,In-View,320x50,0,0,11478,$0.50,$5.74
2017-06-25,aBxmEWIJqr5QPcrkHcnlKl,dnevno.hr,Rest of the World,mobile,In-View,320x480,0,0,3,$0.00,$0.00
2017-06-25,aBxmEWIJqr5QPcrkHcnlKl,dnevno.hr,Rest of the World,mobile,In-View,320x100,0,0,31821,$0.50,$15.91
2017-06-25,aBxmEWIJqr5QPcrkHcnlKl,dnevno.hr,Rest of the World,mobile,In-View,300x250,0,0,6,$1.67,$0.01
2017-06-25,aBxmEWIJqr5QPcrkHcnlKl,dnevno.hr,Rest of the World,desktop,In-View,all,95198,18,0,$0.00,$0.00
2017-06-25,aBxmEWIJqr5QPcrkHcnlKl,dnevno.hr,Rest of the World,desktop,In-View,728x90,0,0,3492,$1.25,$4.37
2017-06-25,aBxmEWIJqr5QPcrkHcnlKl,dnevno.hr,Rest of the World,desktop,In-View,400x300,0,0,1326,$1.25,$1.66
2017-06-25,aBxmEWIJqr5QPcrkHcnlKl,dnevno.hr,Rest of the World,desktop,In-View,300x600,0,0,8838,$1.25,$11.05
2017-06-25,aBxmEWIJqr5QPcrkHcnlKl,dnevno.hr,Rest of the World,desktop,In-View,300x250,0,0,3466,$1.25,$4.33
2017-06-25,aBxmEWIJqr5QPcrkHcnlKl,dnevno.hr,Rest of the World,desktop,In-View,160x600,0,0,3511,$1.25,$4.39
2017-06-24,aBxmEWIJqr5QPcrkHcnlKl,dnevno.hr,United States,tablet,In-View,all,186,0,0,$0.00,$0.00
2017-06-24,aBxmEWIJqr5QPcrkHcnlKl,dnevno.hr,United States,tablet,In-View,728x90,0,0,129,$2.48,$0.32
2017-06-24,aBxmEWIJqr5QPcrkHcnlKl,dnevno.hr,United States,tablet,In-View,160x600,0,0,122,$2.54,$0.31
2017-06-24,aBxmEWIJqr5QPcrkHcnlKl,dnevno.hr,United States,mobile,In-View,all,3208,9,0,$0.00,$0.00
2017-06-24,aBxmEWIJqr5QPcrkHcnlKl,dnevno.hr,United States,mobile,In-View,320x50,0,0,3938,$1.00,$3.94
2017-06-24,aBxmEWIJqr5QPcrkHcnlKl,dnevno.hr,United States,mobile,In-View,320x100,0,0,79,$1.01,$0.08
2017-06-24,aBxmEWIJqr5QPcrkHcnlKl,dnevno.hr,United States,desktop,In-View,all,12098,4,0,$0.00,$0.00
2017-06-24,aBxmEWIJqr5QPcrkHcnlKl,dnevno.hr,United States,desktop,In-View,728x90,0,0,207,$2.51,$0.52
2017-06-24,aBxmEWIJqr5QPcrkHcnlKl,dnevno.hr,United States,desktop,In-View,400x300,0,0,308,$2.50,$0.77
2017-06-24,aBxmEWIJqr5QPcrkHcnlKl,dnevno.hr,United States,desktop,In-View,300x600,0,0,249,$2.49,$0.62
2017-06-24,aBxmEWIJqr5QPcrkHcnlKl,dnevno.hr,United States,desktop,In-View,300x250,0,0,125,$2.48,$0.31
2017-06-24,aBxmEWIJqr5QPcrkHcnlKl,dnevno.hr,United States,desktop,In-View,160x600,0,0,126,$2.54,$0.32
2017-06-24,aBxmEWIJqr5QPcrkHcnlKl,dnevno.hr,Rest of the World,tablet,In-View,all,11882,40,0,$0.00,$0.00
2017-06-24,aBxmEWIJqr5QPcrkHcnlKl,dnevno.hr,Rest of the World,tablet,In-View,728x90,0,0,2598,$1.25,$3.25
2017-06-24,aBxmEWIJqr5QPcrkHcnlKl,dnevno.hr,Rest of the World,tablet,In-View,160x600,0,0,2054,$1.25,$2.57
2017-06-24,aBxmEWIJqr5QPcrkHcnlKl,dnevno.hr,Rest of the World,mobile,In-View,all,110231,256,0,$0.00,$0.00
2017-06-24,aBxmEWIJqr5QPcrkHcnlKl,dnevno.hr,Rest of the World,mobile,In-View,320x50,0,0,10473,$0.50,$5.24
2017-06-24,aBxmEWIJqr5QPcrkHcnlKl,dnevno.hr,Rest of the World,mobile,In-View,320x480,0,0,3,$0.00,$0.00
2017-06-24,aBxmEWIJqr5QPcrkHcnlKl,dnevno.hr,Rest of the World,mobile,In-View,320x100,0,0,25579,$0.50,$12.79
2017-06-24,aBxmEWIJqr5QPcrkHcnlKl,dnevno.hr,Rest of the World,mobile,In-View,300x250,0,0,8,$1.25,$0.01
2017-06-24,aBxmEWIJqr5QPcrkHcnlKl,dnevno.hr,Rest of the World,desktop,In-View,all,86662,21,0,$0.00,$0.00
2017-06-24,aBxmEWIJqr5QPcrkHcnlKl,dnevno.hr,Rest of the World,desktop,In-View,728x90,0,0,3335,$1.25,$4.17
2017-06-24,aBxmEWIJqr5QPcrkHcnlKl,dnevno.hr,Rest of the World,desktop,In-View,400x300,0,0,1245,$1.25,$1.56
2017-06-24,aBxmEWIJqr5QPcrkHcnlKl,dnevno.hr,Rest of the World,desktop,In-View,300x600,0,0,7309,$1.25,$9.14
2017-06-24,aBxmEWIJqr5QPcrkHcnlKl,dnevno.hr,Rest of the World,desktop,In-View,300x250,0,0,3410,$1.25,$4.26
2017-06-24,aBxmEWIJqr5QPcrkHcnlKl,dnevno.hr,Rest of the World,desktop,In-View,160x600,0,0,3101,$1.25,$3.88
2017-06-23,aBxmEWIJqr5QPcrkHcnlKl,dnevno.hr,United States,tablet,In-View,all,176,0,0,$0.00,$0.00
2017-06-23,aBxmEWIJqr5QPcrkHcnlKl,dnevno.hr,United States,tablet,In-View,728x90,0,0,111,$2.52,$0.28
2017-06-23,aBxmEWIJqr5QPcrkHcnlKl,dnevno.hr,United States,tablet,In-View,160x600,0,0,92,$2.50,$0.23
2017-06-23,aBxmEWIJqr5QPcrkHcnlKl,dnevno.hr,United States,mobile,In-View,all,2151,0,0,$0.00,$0.00
2017-06-23,aBxmEWIJqr5QPcrkHcnlKl,dnevno.hr,United States,mobile,In-View,320x50,0,0,2931,$1.00,$2.93
2017-06-23,aBxmEWIJqr5QPcrkHcnlKl,dnevno.hr,United States,mobile,In-View,320x100,0,0,113,$0.97,$0.11
2017-06-23,aBxmEWIJqr5QPcrkHcnlKl,dnevno.hr,United States,desktop,In-View,all,8407,1,0,$0.00,$0.00
2017-06-23,aBxmEWIJqr5QPcrkHcnlKl,dnevno.hr,United States,desktop,In-View,728x90,0,0,206,$2.52,$0.52
2017-06-23,aBxmEWIJqr5QPcrkHcnlKl,dnevno.hr,United States,desktop,In-View,400x300,0,0,362,$2.51,$0.91
2017-06-23,aBxmEWIJqr5QPcrkHcnlKl,dnevno.hr,United States,desktop,In-View,300x600,0,0,218,$2.52,$0.55
2017-06-23,aBxmEWIJqr5QPcrkHcnlKl,dnevno.hr,United States,desktop,In-View,300x250,0,0,118,$2.54,$0.30
2017-06-23,aBxmEWIJqr5QPcrkHcnlKl,dnevno.hr,United States,desktop,In-View,160x600,0,0,147,$2.52,$0.37
2017-06-23,aBxmEWIJqr5QPcrkHcnlKl,dnevno.hr,Rest of the World,tablet,In-View,all,11606,42,0,$0.00,$0.00
2017-06-23,aBxmEWIJqr5QPcrkHcnlKl,dnevno.hr,Rest of the World,tablet,In-View,728x90,0,0,2600,$1.25,$3.25
2017-06-23,aBxmEWIJqr5QPcrkHcnlKl,dnevno.hr,Rest of the World,tablet,In-View,160x600,0,0,1934,$1.25,$2.42
2017-06-23,aBxmEWIJqr5QPcrkHcnlKl,dnevno.hr,Rest of the World,mobile,In-View,all,110733,268,0,$0.00,$0.00
2017-06-23,aBxmEWIJqr5QPcrkHcnlKl,dnevno.hr,Rest of the World,mobile,In-View,320x50,0,0,11295,$0.50,$5.65
2017-06-23,aBxmEWIJqr5QPcrkHcnlKl,dnevno.hr,Rest of the World,mobile,In-View,320x480,0,0,6,$1.67,$0.01
2017-06-23,aBxmEWIJqr5QPcrkHcnlKl,dnevno.hr,Rest of the World,mobile,In-View,320x100,0,0,25773,$0.50,$12.89
2017-06-23,aBxmEWIJqr5QPcrkHcnlKl,dnevno.hr,Rest of the World,mobile,In-View,300x250,0,0,7,$1.43,$0.01
2017-06-23,aBxmEWIJqr5QPcrkHcnlKl,dnevno.hr,Rest of the World,desktop,In-View,all,120684,21,0,$0.00,$0.00
2017-06-23,aBxmEWIJqr5QPcrkHcnlKl,dnevno.hr,Rest of the World,desktop,In-View,728x90,0,0,4103,$1.25,$5.13
2017-06-23,aBxmEWIJqr5QPcrkHcnlKl,dnevno.hr,Rest of the World,desktop,In-View,400x300,0,0,1484,$1.25,$1.86
2017-06-23,aBxmEWIJqr5QPcrkHcnlKl,dnevno.hr,Rest of the World,desktop,In-View,300x600,0,0,9006,$1.25,$11.26
2017-06-23,aBxmEWIJqr5QPcrkHcnlKl,dnevno.hr,Rest of the World,desktop,In-View,300x250,0,0,3761,$1.25,$4.70
2017-06-23,aBxmEWIJqr5QPcrkHcnlKl,dnevno.hr,Rest of the World,desktop,In-View,160x600,0,0,4248,$1.25,$5.31
2017-06-22,aBxmEWIJqr5QPcrkHcnlKl,dnevno.hr,United States,tablet,In-View,all,206,0,0,$0.00,$0.00
2017-06-22,aBxmEWIJqr5QPcrkHcnlKl,dnevno.hr,United States,tablet,In-View,728x90,0,0,116,$2.50,$0.29
2017-06-22,aBxmEWIJqr5QPcrkHcnlKl,dnevno.hr,United States,tablet,In-View,160x600,0,0,109,$2.48,$0.27
2017-06-22,aBxmEWIJqr5QPcrkHcnlKl,dnevno.hr,United States,mobile,In-View,all,2121,0,0,$0.00,$0.00
2017-06-22,aBxmEWIJqr5QPcrkHcnlKl,dnevno.hr,United States,mobile,In-View,320x50,0,0,3101,$1.00,$3.10
2017-06-22,aBxmEWIJqr5QPcrkHcnlKl,dnevno.hr,United States,mobile,In-View,320x100,0,0,67,$1.04,$0.07
2017-06-22,aBxmEWIJqr5QPcrkHcnlKl,dnevno.hr,United States,desktop,In-View,all,9028,4,0,$0.00,$0.00
2017-06-22,aBxmEWIJqr5QPcrkHcnlKl,dnevno.hr,United States,desktop,In-View,728x90,0,0,177,$2.49,$0.44
2017-06-22,aBxmEWIJqr5QPcrkHcnlKl,dnevno.hr,United States,desktop,In-View,400x300,0,0,375,$2.51,$0.94
2017-06-22,aBxmEWIJqr5QPcrkHcnlKl,dnevno.hr,United States,desktop,In-View,300x600,0,0,281,$2.49,$0.70
2017-06-22,aBxmEWIJqr5QPcrkHcnlKl,dnevno.hr,United States,desktop,In-View,300x250,0,0,138,$2.54,$0.35
2017-06-22,aBxmEWIJqr5QPcrkHcnlKl,dnevno.hr,United States,desktop,In-View,160x600,0,0,139,$2.52,$0.35
2017-06-22,aBxmEWIJqr5QPcrkHcnlKl,dnevno.hr,Rest of the World,tablet,In-View,all,11966,46,0,$0.00,$0.00
2017-06-22,aBxmEWIJqr5QPcrkHcnlKl,dnevno.hr,Rest of the World,tablet,In-View,728x90,0,0,2502,$1.25,$3.13
2017-06-22,aBxmEWIJqr5QPcrkHcnlKl,dnevno.hr,Rest of the World,tablet,In-View,160x600,0,0,2079,$1.25,$2.60
2017-06-22,aBxmEWIJqr5QPcrkHcnlKl,dnevno.hr,Rest of the World,mobile,In-View,all,117747,240,0,$0.00,$0.00
2017-06-22,aBxmEWIJqr5QPcrkHcnlKl,dnevno.hr,Rest of the World,mobile,In-View,320x50,0,0,10940,$0.50,$5.47
2017-06-22,aBxmEWIJqr5QPcrkHcnlKl,dnevno.hr,Rest of the World,mobile,In-View,320x100,0,0,26199,$0.50,$13.10
2017-06-22,aBxmEWIJqr5QPcrkHcnlKl,dnevno.hr,Rest of the World,mobile,In-View,300x250,0,0,3,$0.00,$0.00
2017-06-22,aBxmEWIJqr5QPcrkHcnlKl,dnevno.hr,Rest of the World,desktop,In-View,all,100509,24,0,$0.00,$0.00
2017-06-22,aBxmEWIJqr5QPcrkHcnlKl,dnevno.hr,Rest of the World,desktop,In-View,728x90,0,0,3567,$1.25,$4.46
2017-06-22,aBxmEWIJqr5QPcrkHcnlKl,dnevno.hr,Rest of the World,desktop,In-View,400x300,0,0,1203,$1.25,$1.50
2017-06-22,aBxmEWIJqr5QPcrkHcnlKl,dnevno.hr,Rest of the World,desktop,In-View,300x600,0,0,8515,$1.25,$10.64
2017-06-22,aBxmEWIJqr5QPcrkHcnlKl,dnevno.hr,Rest of the World,desktop,In-View,300x250,0,0,3208,$1.25,$4.01
2017-06-22,aBxmEWIJqr5QPcrkHcnlKl,dnevno.hr,Rest of the World,desktop,In-View,160x600,0,0,3721,$1.25,$4.65
2017-06-21,aBxmEWIJqr5QPcrkHcnlKl,dnevno.hr,United States,tablet,In-View,all,219,0,0,$0.00,$0.00
2017-06-21,aBxmEWIJqr5QPcrkHcnlKl,dnevno.hr,United States,tablet,In-View,728x90,0,0,138,$2.54,$0.35
2017-06-21,aBxmEWIJqr5QPcrkHcnlKl,dnevno.hr,United States,tablet,In-View,160x600,0,0,110,$2.55,$0.28
2017-06-21,aBxmEWIJqr5QPcrkHcnlKl,dnevno.hr,United States,mobile,In-View,all,2422,0,0,$0.00,$0.00
2017-06-21,aBxmEWIJqr5QPcrkHcnlKl,dnevno.hr,United States,mobile,In-View,320x50,0,0,3144,$1.00,$3.14
2017-06-21,aBxmEWIJqr5QPcrkHcnlKl,dnevno.hr,United States,mobile,In-View,320x100,0,0,95,$1.05,$0.10
2017-06-21,aBxmEWIJqr5QPcrkHcnlKl,dnevno.hr,United States,desktop,In-View,all,8111,1,0,$0.00,$0.00
2017-06-21,aBxmEWIJqr5QPcrkHcnlKl,dnevno.hr,United States,desktop,In-View,728x90,0,0,187,$2.51,$0.47
2017-06-21,aBxmEWIJqr5QPcrkHcnlKl,dnevno.hr,United States,desktop,In-View,400x300,0,0,420,$2.50,$1.05
2017-06-21,aBxmEWIJqr5QPcrkHcnlKl,dnevno.hr,United States,desktop,In-View,300x600,0,0,312,$2.50,$0.78
2017-06-21,aBxmEWIJqr5QPcrkHcnlKl,dnevno.hr,United States,desktop,In-View,300x250,0,0,141,$2.48,$0.35
2017-06-21,aBxmEWIJqr5QPcrkHcnlKl,dnevno.hr,United States,desktop,In-View,160x600,0,0,159,$2.52,$0.40
2017-06-21,aBxmEWIJqr5QPcrkHcnlKl,dnevno.hr,Rest of the World,tablet,In-View,all,11807,66,0,$0.00,$0.00
2017-06-21,aBxmEWIJqr5QPcrkHcnlKl,dnevno.hr,Rest of the World,tablet,In-View,728x90,0,0,2354,$1.25,$2.94
2017-06-21,aBxmEWIJqr5QPcrkHcnlKl,dnevno.hr,Rest of the World,tablet,In-View,160x600,0,0,2021,$1.25,$2.53
2017-06-21,aBxmEWIJqr5QPcrkHcnlKl,dnevno.hr,Rest of the World,mobile,In-View,all,108201,321,0,$0.00,$0.00
2017-06-21,aBxmEWIJqr5QPcrkHcnlKl,dnevno.hr,Rest of the World,mobile,In-View,320x50,0,0,10606,$0.50,$5.30
2017-06-21,aBxmEWIJqr5QPcrkHcnlKl,dnevno.hr,Rest of the World,mobile,In-View,320x480,0,0,4,$2.50,$0.01
2017-06-21,aBxmEWIJqr5QPcrkHcnlKl,dnevno.hr,Rest of the World,mobile,In-View,320x100,0,0,23264,$0.50,$11.63
2017-06-21,aBxmEWIJqr5QPcrkHcnlKl,dnevno.hr,Rest of the World,mobile,In-View,300x250,0,0,4,$2.50,$0.01
2017-06-21,aBxmEWIJqr5QPcrkHcnlKl,dnevno.hr,Rest of the World,desktop,In-View,all,142196,18,0,$0.00,$0.00
2017-06-21,aBxmEWIJqr5QPcrkHcnlKl,dnevno.hr,Rest of the World,desktop,In-View,728x90,0,0,4840,$1.25,$6.05
2017-06-21,aBxmEWIJqr5QPcrkHcnlKl,dnevno.hr,Rest of the World,desktop,In-View,400x300,0,0,1717,$1.25,$2.15
2017-06-21,aBxmEWIJqr5QPcrkHcnlKl,dnevno.hr,Rest of the World,desktop,In-View,300x600,0,0,12688,$1.25,$15.86
2017-06-21,aBxmEWIJqr5QPcrkHcnlKl,dnevno.hr,Rest of the World,desktop,In-View,300x250,0,0,4522,$1.25,$5.65
2017-06-21,aBxmEWIJqr5QPcrkHcnlKl,dnevno.hr,Rest of the World,desktop,In-View,160x600,0,0,6089,$1.25,$7.61
2017-06-20,aBxmEWIJqr5QPcrkHcnlKl,dnevno.hr,United States,tablet,In-View,all,205,1,0,$0.00,$0.00
2017-06-20,aBxmEWIJqr5QPcrkHcnlKl,dnevno.hr,United States,tablet,In-View,728x90,0,0,149,$2.48,$0.37
2017-06-20,aBxmEWIJqr5QPcrkHcnlKl,dnevno.hr,United States,tablet,In-View,160x600,0,0,81,$2.47,$0.20
2017-06-20,aBxmEWIJqr5QPcrkHcnlKl,dnevno.hr,United States,mobile,In-View,all,1229,1,0,$0.00,$0.00
2017-06-20,aBxmEWIJqr5QPcrkHcnlKl,dnevno.hr,United States,mobile,In-View,320x50,0,0,2201,$1.00,$2.20
2017-06-20,aBxmEWIJqr5QPcrkHcnlKl,dnevno.hr,United States,mobile,In-View,320x100,0,0,94,$0.96,$0.09
2017-06-20,aBxmEWIJqr5QPcrkHcnlKl,dnevno.hr,United States,desktop,In-View,all,8900,0,0,$0.00,$0.00
2017-06-20,aBxmEWIJqr5QPcrkHcnlKl,dnevno.hr,United States,desktop,In-View,728x90,0,0,243,$2.51,$0.61
2017-06-20,aBxmEWIJqr5QPcrkHcnlKl,dnevno.hr,United States,desktop,In-View,400x300,0,0,393,$2.49,$0.98
2017-06-20,aBxmEWIJqr5QPcrkHcnlKl,dnevno.hr,United States,desktop,In-View,300x600,0,0,335,$2.51,$0.84
2017-06-20,aBxmEWIJqr5QPcrkHcnlKl,dnevno.hr,United States,desktop,In-View,300x250,0,0,168,$2.50,$0.42
2017-06-20,aBxmEWIJqr5QPcrkHcnlKl,dnevno.hr,United States,desktop,In-View,160x600,0,0,193,$2.49,$0.48
2017-06-20,aBxmEWIJqr5QPcrkHcnlKl,dnevno.hr,Rest of the World,tablet,In-View,all,11822,52,0,$0.00,$0.00
2017-06-20,aBxmEWIJqr5QPcrkHcnlKl,dnevno.hr,Rest of the World,tablet,In-View,728x90,0,0,2333,$1.25,$2.92
2017-06-20,aBxmEWIJqr5QPcrkHcnlKl,dnevno.hr,Rest of the World,tablet,In-View,160x600,0,0,2018,$1.25,$2.52
2017-06-20,aBxmEWIJqr5QPcrkHcnlKl,dnevno.hr,Rest of the World,mobile,In-View,all,122406,337,0,$0.00,$0.00
2017-06-20,aBxmEWIJqr5QPcrkHcnlKl,dnevno.hr,Rest of the World,mobile,In-View,320x50,0,0,11040,$0.50,$5.52
2017-06-20,aBxmEWIJqr5QPcrkHcnlKl,dnevno.hr,Rest of the World,mobile,In-View,320x480,0,0,8,$1.25,$0.01
2017-06-20,aBxmEWIJqr5QPcrkHcnlKl,dnevno.hr,Rest of the World,mobile,In-View,320x100,0,0,25441,$0.50,$12.72
2017-06-20,aBxmEWIJqr5QPcrkHcnlKl,dnevno.hr,Rest of the World,mobile,In-View,300x250,0,0,5,$2.00,$0.01
2017-06-20,aBxmEWIJqr5QPcrkHcnlKl,dnevno.hr,Rest of the World,desktop,In-View,all,141353,33,0,$0.00,$0.00
2017-06-20,aBxmEWIJqr5QPcrkHcnlKl,dnevno.hr,Rest of the World,desktop,In-View,728x90,0,0,4429,$1.25,$5.54
2017-06-20,aBxmEWIJqr5QPcrkHcnlKl,dnevno.hr,Rest of the World,desktop,In-View,400x300,0,0,1573,$1.25,$1.97
2017-06-20,aBxmEWIJqr5QPcrkHcnlKl,dnevno.hr,Rest of the World,desktop,In-View,300x600,0,0,11838,$1.25,$14.80
2017-06-20,aBxmEWIJqr5QPcrkHcnlKl,dnevno.hr,Rest of the World,desktop,In-View,300x250,0,0,4599,$1.25,$5.75
2017-06-20,aBxmEWIJqr5QPcrkHcnlKl,dnevno.hr,Rest of the World,desktop,In-View,160x600,0,0,6068,$1.25,$7.59
2017-06-19,aBxmEWIJqr5QPcrkHcnlKl,dnevno.hr,United States,tablet,In-View,all,217,0,0,$0.00,$0.00
2017-06-19,aBxmEWIJqr5QPcrkHcnlKl,dnevno.hr,United States,tablet,In-View,728x90,0,0,133,$2.48,$0.33
2017-06-19,aBxmEWIJqr5QPcrkHcnlKl,dnevno.hr,United States,tablet,In-View,160x600,0,0,72,$2.50,$0.18
2017-06-19,aBxmEWIJqr5QPcrkHcnlKl,dnevno.hr,United States,mobile,In-View,all,936,0,0,$0.00,$0.00
2017-06-19,aBxmEWIJqr5QPcrkHcnlKl,dnevno.hr,United States,mobile,In-View,320x50,0,0,1691,$1.00,$1.69
2017-06-19,aBxmEWIJqr5QPcrkHcnlKl,dnevno.hr,United States,mobile,In-View,320x100,0,0,92,$0.98,$0.09
2017-06-19,aBxmEWIJqr5QPcrkHcnlKl,dnevno.hr,United States,desktop,In-View,all,6516,2,0,$0.00,$0.00
2017-06-19,aBxmEWIJqr5QPcrkHcnlKl,dnevno.hr,United States,desktop,In-View,728x90,0,0,208,$2.50,$0.52
2017-06-19,aBxmEWIJqr5QPcrkHcnlKl,dnevno.hr,United States,desktop,In-View,400x300,0,0,323,$2.51,$0.81
2017-06-19,aBxmEWIJqr5QPcrkHcnlKl,dnevno.hr,United States,desktop,In-View,300x600,0,0,294,$2.52,$0.74
2017-06-19,aBxmEWIJqr5QPcrkHcnlKl,dnevno.hr,United States,desktop,In-View,300x250,0,0,129,$2.48,$0.32
2017-06-19,aBxmEWIJqr5QPcrkHcnlKl,dnevno.hr,United States,desktop,In-View,160x600,0,0,149,$2.48,$0.37
2017-06-19,aBxmEWIJqr5QPcrkHcnlKl,dnevno.hr,Rest of the World,tablet,In-View,all,10538,51,0,$0.00,$0.00
2017-06-19,aBxmEWIJqr5QPcrkHcnlKl,dnevno.hr,Rest of the World,tablet,In-View,728x90,0,0,2083,$1.25,$2.60
2017-06-19,aBxmEWIJqr5QPcrkHcnlKl,dnevno.hr,Rest of the World,tablet,In-View,160x600,0,0,1871,$1.25,$2.34
2017-06-19,aBxmEWIJqr5QPcrkHcnlKl,dnevno.hr,Rest of the World,mobile,In-View,all,108075,197,0,$0.00,$0.00
2017-06-19,aBxmEWIJqr5QPcrkHcnlKl,dnevno.hr,Rest of the World,mobile,In-View,320x50,0,0,10543,$0.50,$5.27
2017-06-19,aBxmEWIJqr5QPcrkHcnlKl,dnevno.hr,Rest of the World,mobile,In-View,320x480,0,0,3,$0.00,$0.00
2017-06-19,aBxmEWIJqr5QPcrkHcnlKl,dnevno.hr,Rest of the World,mobile,In-View,320x100,0,0,22946,$0.50,$11.47
2017-06-19,aBxmEWIJqr5QPcrkHcnlKl,dnevno.hr,Rest of the World,mobile,In-View,300x250,0,0,6,$1.67,$0.01
2017-06-19,aBxmEWIJqr5QPcrkHcnlKl,dnevno.hr,Rest of the World,desktop,In-View,all,135240,31,0,$0.00,$0.00
2017-06-19,aBxmEWIJqr5QPcrkHcnlKl,dnevno.hr,Rest of the World,desktop,In-View,728x90,0,0,4055,$1.25,$5.07
2017-06-19,aBxmEWIJqr5QPcrkHcnlKl,dnevno.hr,Rest of the World,desktop,In-View,400x300,0,0,1342,$1.25,$1.68
2017-06-19,aBxmEWIJqr5QPcrkHcnlKl,dnevno.hr,Rest of the World,desktop,In-View,300x600,0,0,12404,$1.25,$15.51
2017-06-19,aBxmEWIJqr5QPcrkHcnlKl,dnevno.hr,Rest of the World,desktop,In-View,300x250,0,0,4359,$1.25,$5.45
2017-06-19,aBxmEWIJqr5QPcrkHcnlKl,dnevno.hr,Rest of the World,desktop,In-View,160x600,0,0,5835,$1.25,$7.29
2017-06-18,aBxmEWIJqr5QPcrkHcnlKl,dnevno.hr,United States,tablet,In-View,all,174,0,0,$0.00,$0.00
2017-06-18,aBxmEWIJqr5QPcrkHcnlKl,dnevno.hr,United States,tablet,In-View,728x90,0,0,118,$2.54,$0.30
2017-06-18,aBxmEWIJqr5QPcrkHcnlKl,dnevno.hr,United States,tablet,In-View,160x600,0,0,93,$2.47,$0.23
2017-06-18,aBxmEWIJqr5QPcrkHcnlKl,dnevno.hr,United States,mobile,In-View,all,677,0,0,$0.00,$0.00
2017-06-18,aBxmEWIJqr5QPcrkHcnlKl,dnevno.hr,United States,mobile,In-View,320x50,0,0,1537,$1.00,$1.54
2017-06-18,aBxmEWIJqr5QPcrkHcnlKl,dnevno.hr,United States,mobile,In-View,320x100,0,0,82,$0.98,$0.08
2017-06-18,aBxmEWIJqr5QPcrkHcnlKl,dnevno.hr,United States,desktop,In-View,all,7098,1,0,$0.00,$0.00
2017-06-18,aBxmEWIJqr5QPcrkHcnlKl,dnevno.hr,United States,desktop,In-View,728x90,0,0,151,$2.52,$0.38
2017-06-18,aBxmEWIJqr5QPcrkHcnlKl,dnevno.hr,United States,desktop,In-View,400x300,0,0,222,$2.52,$0.56
2017-06-18,aBxmEWIJqr5QPcrkHcnlKl,dnevno.hr,United States,desktop,In-View,300x600,0,0,215,$2.51,$0.54
2017-06-18,aBxmEWIJqr5QPcrkHcnlKl,dnevno.hr,United States,desktop,In-View,300x250,0,0,105,$2.48,$0.26
2017-06-18,aBxmEWIJqr5QPcrkHcnlKl,dnevno.hr,United States,desktop,In-View,160x600,0,0,101,$2.48,$0.25
2017-06-18,aBxmEWIJqr5QPcrkHcnlKl,dnevno.hr,Rest of the World,tablet,In-View,all,10988,49,0,$0.00,$0.00
2017-06-18,aBxmEWIJqr5QPcrkHcnlKl,dnevno.hr,Rest of the World,tablet,In-View,728x90,0,0,2323,$1.25,$2.90
2017-06-18,aBxmEWIJqr5QPcrkHcnlKl,dnevno.hr,Rest of the World,tablet,In-View,160x600,0,0,1967,$1.25,$2.46
2017-06-18,aBxmEWIJqr5QPcrkHcnlKl,dnevno.hr,Rest of the World,mobile,In-View,all,91282,205,0,$0.00,$0.00
2017-06-18,aBxmEWIJqr5QPcrkHcnlKl,dnevno.hr,Rest of the World,mobile,In-View,320x50,0,0,8498,$0.50,$4.25
2017-06-18,aBxmEWIJqr5QPcrkHcnlKl,dnevno.hr,Rest of the World,mobile,In-View,320x480,0,0,4,$2.50,$0.01
2017-06-18,aBxmEWIJqr5QPcrkHcnlKl,dnevno.hr,Rest of the World,mobile,In-View,320x100,0,0,21520,$0.50,$10.76
2017-06-18,aBxmEWIJqr5QPcrkHcnlKl,dnevno.hr,Rest of the World,mobile,In-View,300x250,0,0,6,$1.67,$0.01
2017-06-18,aBxmEWIJqr5QPcrkHcnlKl,dnevno.hr,Rest of the World,desktop,In-View,all,79123,21,0,$0.00,$0.00
2017-06-18,aBxmEWIJqr5QPcrkHcnlKl,dnevno.hr,Rest of the World,desktop,In-View,728x90,0,0,2778,$1.25,$3.47
2017-06-18,aBxmEWIJqr5QPcrkHcnlKl,dnevno.hr,Rest of the World,desktop,In-View,400x300,0,0,937,$1.25,$1.17
2017-06-18,aBxmEWIJqr5QPcrkHcnlKl,dnevno.hr,Rest of the World,desktop,In-View,300x600,0,0,9863,$1.25,$12.33
2017-06-18,aBxmEWIJqr5QPcrkHcnlKl,dnevno.hr,Rest of the World,desktop,In-View,300x250,0,0,3062,$1.25,$3.83
2017-06-18,aBxmEWIJqr5QPcrkHcnlKl,dnevno.hr,Rest of the World,desktop,In-View,160x600,0,0,4496,$1.25,$5.62
2017-06-17,aBxmEWIJqr5QPcrkHcnlKl,dnevno.hr,United States,tablet,In-View,all,181,0,0,$0.00,$0.00
2017-06-17,aBxmEWIJqr5QPcrkHcnlKl,dnevno.hr,United States,tablet,In-View,728x90,0,0,128,$2.50,$0.32
2017-06-17,aBxmEWIJqr5QPcrkHcnlKl,dnevno.hr,United States,tablet,In-View,160x600,0,0,84,$2.50,$0.21
2017-06-17,aBxmEWIJqr5QPcrkHcnlKl,dnevno.hr,United States,mobile,In-View,all,589,1,0,$0.00,$0.00
2017-06-17,aBxmEWIJqr5QPcrkHcnlKl,dnevno.hr,United States,mobile,In-View,320x50,0,0,1498,$1.00,$1.50
2017-06-17,aBxmEWIJqr5QPcrkHcnlKl,dnevno.hr,United States,mobile,In-View,320x100,0,0,62,$0.97,$0.06
2017-06-17,aBxmEWIJqr5QPcrkHcnlKl,dnevno.hr,United States,desktop,In-View,all,7088,2,0,$0.00,$0.00
2017-06-17,aBxmEWIJqr5QPcrkHcnlKl,dnevno.hr,United States,desktop,In-View,728x90,0,0,130,$2.54,$0.33
2017-06-17,aBxmEWIJqr5QPcrkHcnlKl,dnevno.hr,United States,desktop,In-View,400x300,0,0,228,$2.50,$0.57
2017-06-17,aBxmEWIJqr5QPcrkHcnlKl,dnevno.hr,United States,desktop,In-View,300x600,0,0,242,$2.52,$0.61
2017-06-17,aBxmEWIJqr5QPcrkHcnlKl,dnevno.hr,United States,desktop,In-View,300x250,0,0,120,$2.50,$0.30
2017-06-17,aBxmEWIJqr5QPcrkHcnlKl,dnevno.hr,United States,desktop,In-View,160x600,0,0,128,$2.50,$0.32
2017-06-17,aBxmEWIJqr5QPcrkHcnlKl,dnevno.hr,Rest of the World,tablet,In-View,all,10636,47,0,$0.00,$0.00
2017-06-17,aBxmEWIJqr5QPcrkHcnlKl,dnevno.hr,Rest of the World,tablet,In-View,728x90,0,0,2067,$1.25,$2.58
2017-06-17,aBxmEWIJqr5QPcrkHcnlKl,dnevno.hr,Rest of the World,tablet,In-View,160x600,0,0,1876,$1.25,$2.35
2017-06-17,aBxmEWIJqr5QPcrkHcnlKl,dnevno.hr,Rest of the World,mobile,In-View,all,82812,232,0,$0.00,$0.00
2017-06-17,aBxmEWIJqr5QPcrkHcnlKl,dnevno.hr,Rest of the World,mobile,In-View,320x50,0,0,8385,$0.50,$4.19
2017-06-17,aBxmEWIJqr5QPcrkHcnlKl,dnevno.hr,Rest of the World,mobile,In-View,320x480,0,0,4,$2.50,$0.01
2017-06-17,aBxmEWIJqr5QPcrkHcnlKl,dnevno.hr,Rest of the World,mobile,In-View,320x100,0,0,19434,$0.50,$9.72
2017-06-17,aBxmEWIJqr5QPcrkHcnlKl,dnevno.hr,Rest of the World,mobile,In-View,300x250,0,0,10,$1.00,$0.01
2017-06-17,aBxmEWIJqr5QPcrkHcnlKl,dnevno.hr,Rest of the World,desktop,In-View,all,77521,30,0,$0.00,$0.00
2017-06-17,aBxmEWIJqr5QPcrkHcnlKl,dnevno.hr,Rest of the World,desktop,In-View,728x90,0,0,3052,$1.25,$3.82
2017-06-17,aBxmEWIJqr5QPcrkHcnlKl,dnevno.hr,Rest of the World,desktop,In-View,400x300,0,0,1186,$1.25,$1.48
2017-06-17,aBxmEWIJqr5QPcrkHcnlKl,dnevno.hr,Rest of the World,desktop,In-View,300x600,0,0,8597,$1.25,$10.75
2017-06-17,aBxmEWIJqr5QPcrkHcnlKl,dnevno.hr,Rest of the World,desktop,In-View,300x250,0,0,3022,$1.25,$3.78
2017-06-17,aBxmEWIJqr5QPcrkHcnlKl,dnevno.hr,Rest of the World,desktop,In-View,160x600,0,0,4720,$1.25,$5.90
2017-06-16,aBxmEWIJqr5QPcrkHcnlKl,dnevno.hr,United States,tablet,In-View,all,237,0,0,$0.00,$0.00
2017-06-16,aBxmEWIJqr5QPcrkHcnlKl,dnevno.hr,United States,tablet,In-View,728x90,0,0,124,$2.50,$0.31
2017-06-16,aBxmEWIJqr5QPcrkHcnlKl,dnevno.hr,United States,tablet,In-View,160x600,0,0,102,$2.55,$0.26
2017-06-16,aBxmEWIJqr5QPcrkHcnlKl,dnevno.hr,United States,mobile,In-View,all,774,1,0,$0.00,$0.00
2017-06-16,aBxmEWIJqr5QPcrkHcnlKl,dnevno.hr,United States,mobile,In-View,320x50,0,0,1754,$1.00,$1.75
2017-06-16,aBxmEWIJqr5QPcrkHcnlKl,dnevno.hr,United States,mobile,In-View,320x100,0,0,48,$1.04,$0.05
2017-06-16,aBxmEWIJqr5QPcrkHcnlKl,dnevno.hr,United States,desktop,In-View,all,7915,1,0,$0.00,$0.00
2017-06-16,aBxmEWIJqr5QPcrkHcnlKl,dnevno.hr,United States,desktop,In-View,728x90,0,0,199,$2.51,$0.50
2017-06-16,aBxmEWIJqr5QPcrkHcnlKl,dnevno.hr,United States,desktop,In-View,400x300,0,0,248,$2.50,$0.62
2017-06-16,aBxmEWIJqr5QPcrkHcnlKl,dnevno.hr,United States,desktop,In-View,300x600,0,0,268,$2.50,$0.67
2017-06-16,aBxmEWIJqr5QPcrkHcnlKl,dnevno.hr,United States,desktop,In-View,300x250,0,0,131,$2.52,$0.33
2017-06-16,aBxmEWIJqr5QPcrkHcnlKl,dnevno.hr,United States,desktop,In-View,160x600,0,0,177,$2.49,$0.44
2017-06-16,aBxmEWIJqr5QPcrkHcnlKl,dnevno.hr,Rest of the World,tablet,In-View,all,10806,26,0,$0.00,$0.00
2017-06-16,aBxmEWIJqr5QPcrkHcnlKl,dnevno.hr,Rest of the World,tablet,In-View,728x90,0,0,1910,$1.25,$2.39
2017-06-16,aBxmEWIJqr5QPcrkHcnlKl,dnevno.hr,Rest of the World,tablet,In-View,160x600,0,0,2013,$1.25,$2.52
2017-06-16,aBxmEWIJqr5QPcrkHcnlKl,dnevno.hr,Rest of the World,mobile,In-View,all,93649,276,0,$0.00,$0.00
2017-06-16,aBxmEWIJqr5QPcrkHcnlKl,dnevno.hr,Rest of the World,mobile,In-View,320x50,0,0,8811,$0.50,$4.41
2017-06-16,aBxmEWIJqr5QPcrkHcnlKl,dnevno.hr,Rest of the World,mobile,In-View,320x480,0,0,8,$1.25,$0.01
2017-06-16,aBxmEWIJqr5QPcrkHcnlKl,dnevno.hr,Rest of the World,mobile,In-View,320x100,0,0,18246,$0.50,$9.12
2017-06-16,aBxmEWIJqr5QPcrkHcnlKl,dnevno.hr,Rest of the World,mobile,In-View,300x250,0,0,5,$2.00,$0.01
2017-06-16,aBxmEWIJqr5QPcrkHcnlKl,dnevno.hr,Rest of the World,desktop,In-View,all,127125,37,0,$0.00,$0.00
2017-06-16,aBxmEWIJqr5QPcrkHcnlKl,dnevno.hr,Rest of the World,desktop,In-View,728x90,0,0,3407,$1.25,$4.26
2017-06-16,aBxmEWIJqr5QPcrkHcnlKl,dnevno.hr,Rest of the World,desktop,In-View,400x300,0,0,1539,$1.25,$1.92
2017-06-16,aBxmEWIJqr5QPcrkHcnlKl,dnevno.hr,Rest of the World,desktop,In-View,300x600,0,0,10602,$1.25,$13.25
2017-06-16,aBxmEWIJqr5QPcrkHcnlKl,dnevno.hr,Rest of the World,desktop,In-View,300x250,0,0,4520,$1.25,$5.65
2017-06-16,aBxmEWIJqr5QPcrkHcnlKl,dnevno.hr,Rest of the World,desktop,In-View,160x600,0,0,5366,$1.25,$6.71
2017-06-15,aBxmEWIJqr5QPcrkHcnlKl,dnevno.hr,United States,tablet,In-View,all,162,0,0,$0.00,$0.00
2017-06-15,aBxmEWIJqr5QPcrkHcnlKl,dnevno.hr,United States,tablet,In-View,728x90,0,0,121,$2.48,$0.30
2017-06-15,aBxmEWIJqr5QPcrkHcnlKl,dnevno.hr,United States,tablet,In-View,160x600,0,0,93,$2.47,$0.23
2017-06-15,aBxmEWIJqr5QPcrkHcnlKl,dnevno.hr,United States,mobile,In-View,all,2515,2,0,$0.00,$0.00
2017-06-15,aBxmEWIJqr5QPcrkHcnlKl,dnevno.hr,United States,mobile,In-View,320x50,0,0,2983,$1.00,$2.98
2017-06-15,aBxmEWIJqr5QPcrkHcnlKl,dnevno.hr,United States,mobile,In-View,320x100,0,0,71,$0.99,$0.07
2017-06-15,aBxmEWIJqr5QPcrkHcnlKl,dnevno.hr,United States,desktop,In-View,all,8465,3,0,$0.00,$0.00
2017-06-15,aBxmEWIJqr5QPcrkHcnlKl,dnevno.hr,United States,desktop,In-View,728x90,0,0,171,$2.51,$0.43
2017-06-15,aBxmEWIJqr5QPcrkHcnlKl,dnevno.hr,United States,desktop,In-View,400x300,0,0,240,$2.50,$0.60
2017-06-15,aBxmEWIJqr5QPcrkHcnlKl,dnevno.hr,United States,desktop,In-View,300x600,0,0,197,$2.49,$0.49
2017-06-15,aBxmEWIJqr5QPcrkHcnlKl,dnevno.hr,United States,desktop,In-View,300x250,0,0,108,$2.50,$0.27
2017-06-15,aBxmEWIJqr5QPcrkHcnlKl,dnevno.hr,United States,desktop,In-View,160x600,0,0,177,$2.49,$0.44
2017-06-15,aBxmEWIJqr5QPcrkHcnlKl,dnevno.hr,Rest of the World,tablet,In-View,all,11560,52,0,$0.00,$0.00
2017-06-15,aBxmEWIJqr5QPcrkHcnlKl,dnevno.hr,Rest of the World,tablet,In-View,728x90,0,0,1945,$1.25,$2.43
2017-06-15,aBxmEWIJqr5QPcrkHcnlKl,dnevno.hr,Rest of the World,tablet,In-View,160x600,0,0,1953,$1.25,$2.44
2017-06-15,aBxmEWIJqr5QPcrkHcnlKl,dnevno.hr,Rest of the World,mobile,In-View,all,94722,227,0,$0.00,$0.00
2017-06-15,aBxmEWIJqr5QPcrkHcnlKl,dnevno.hr,Rest of the World,mobile,In-View,320x50,0,0,8665,$0.50,$4.33
2017-06-15,aBxmEWIJqr5QPcrkHcnlKl,dnevno.hr,Rest of the World,mobile,In-View,320x480,0,0,6,$1.67,$0.01
2017-06-15,aBxmEWIJqr5QPcrkHcnlKl,dnevno.hr,Rest of the World,mobile,In-View,320x100,0,0,18833,$0.50,$9.42
2017-06-15,aBxmEWIJqr5QPcrkHcnlKl,dnevno.hr,Rest of the World,mobile,In-View,300x250,0,0,18,$1.11,$0.02
2017-06-15,aBxmEWIJqr5QPcrkHcnlKl,dnevno.hr,Rest of the World,desktop,In-View,all,94305,46,0,$0.00,$0.00
2017-06-15,aBxmEWIJqr5QPcrkHcnlKl,dnevno.hr,Rest of the World,desktop,In-View,728x90,0,0,3149,$1.25,$3.94
2017-06-15,aBxmEWIJqr5QPcrkHcnlKl,dnevno.hr,Rest of the World,desktop,In-View,400x300,0,0,1057,$1.25,$1.32
2017-06-15,aBxmEWIJqr5QPcrkHcnlKl,dnevno.hr,Rest of the World,desktop,In-View,300x600,0,0,7776,$1.25,$9.72
2017-06-15,aBxmEWIJqr5QPcrkHcnlKl,dnevno.hr,Rest of the World,desktop,In-View,300x250,0,0,3548,$1.25,$4.44
2017-06-15,aBxmEWIJqr5QPcrkHcnlKl,dnevno.hr,Rest of the World,desktop,In-View,160x600,0,0,3602,$1.25,$4.50
2017-06-14,aBxmEWIJqr5QPcrkHcnlKl,dnevno.hr,United States,tablet,In-View,all,264,0,0,$0.00,$0.00
2017-06-14,aBxmEWIJqr5QPcrkHcnlKl,dnevno.hr,United States,tablet,In-View,728x90,0,0,144,$2.50,$0.36
2017-06-14,aBxmEWIJqr5QPcrkHcnlKl,dnevno.hr,United States,tablet,In-View,160x600,0,0,147,$2.52,$0.37
2017-06-14,aBxmEWIJqr5QPcrkHcnlKl,dnevno.hr,United States,mobile,In-View,all,2110,0,0,$0.00,$0.00
2017-06-14,aBxmEWIJqr5QPcrkHcnlKl,dnevno.hr,United States,mobile,In-View,320x50,0,0,2281,$1.00,$2.28
2017-06-14,aBxmEWIJqr5QPcrkHcnlKl,dnevno.hr,United States,mobile,In-View,320x100,0,0,89,$1.01,$0.09
2017-06-14,aBxmEWIJqr5QPcrkHcnlKl,dnevno.hr,United States,desktop,In-View,all,7388,3,0,$0.00,$0.00
2017-06-14,aBxmEWIJqr5QPcrkHcnlKl,dnevno.hr,United States,desktop,In-View,728x90,0,0,210,$2.52,$0.53
2017-06-14,aBxmEWIJqr5QPcrkHcnlKl,dnevno.hr,United States,desktop,In-View,400x300,0,0,387,$2.51,$0.97
2017-06-14,aBxmEWIJqr5QPcrkHcnlKl,dnevno.hr,United States,desktop,In-View,300x600,0,0,306,$2.52,$0.77
2017-06-14,aBxmEWIJqr5QPcrkHcnlKl,dnevno.hr,United States,desktop,In-View,300x250,0,0,154,$2.53,$0.39
2017-06-14,aBxmEWIJqr5QPcrkHcnlKl,dnevno.hr,United States,desktop,In-View,160x600,0,0,209,$2.49,$0.52
2017-06-14,aBxmEWIJqr5QPcrkHcnlKl,dnevno.hr,Rest of the World,tablet,In-View,all,11452,54,0,$0.00,$0.00
2017-06-14,aBxmEWIJqr5QPcrkHcnlKl,dnevno.hr,Rest of the World,tablet,In-View,728x90,0,0,1902,$1.25,$2.38
2017-06-14,aBxmEWIJqr5QPcrkHcnlKl,dnevno.hr,Rest of the World,tablet,In-View,160x600,0,0,1821,$1.25,$2.28
2017-06-14,aBxmEWIJqr5QPcrkHcnlKl,dnevno.hr,Rest of the World,mobile,In-View,all,105742,293,0,$0.00,$0.00
2017-06-14,aBxmEWIJqr5QPcrkHcnlKl,dnevno.hr,Rest of the World,mobile,In-View,320x50,0,0,9423,$0.50,$4.71
2017-06-14,aBxmEWIJqr5QPcrkHcnlKl,dnevno.hr,Rest of the World,mobile,In-View,320x480,0,0,12,$1.67,$0.02
2017-06-14,aBxmEWIJqr5QPcrkHcnlKl,dnevno.hr,Rest of the World,mobile,In-View,320x100,0,0,20723,$0.50,$10.36
2017-06-14,aBxmEWIJqr5QPcrkHcnlKl,dnevno.hr,Rest of the World,mobile,In-View,300x250,0,0,18,$1.11,$0.02
2017-06-14,aBxmEWIJqr5QPcrkHcnlKl,dnevno.hr,Rest of the World,desktop,In-View,all,154471,45,0,$0.00,$0.00
2017-06-14,aBxmEWIJqr5QPcrkHcnlKl,dnevno.hr,Rest of the World,desktop,In-View,728x90,0,0,3843,$1.25,$4.80
2017-06-14,aBxmEWIJqr5QPcrkHcnlKl,dnevno.hr,Rest of the World,desktop,In-View,400x300,0,0,1446,$1.25,$1.81
2017-06-14,aBxmEWIJqr5QPcrkHcnlKl,dnevno.hr,Rest of the World,desktop,In-View,300x600,0,0,10457,$1.25,$13.07
2017-06-14,aBxmEWIJqr5QPcrkHcnlKl,dnevno.hr,Rest of the World,desktop,In-View,300x250,0,0,4341,$1.25,$5.43
2017-06-14,aBxmEWIJqr5QPcrkHcnlKl,dnevno.hr,Rest of the World,desktop,In-View,160x600,0,0,5231,$1.25,$6.54
2017-06-13,aBxmEWIJqr5QPcrkHcnlKl,dnevno.hr,United States,tablet,In-View,all,211,0,0,$0.00,$0.00
2017-06-13,aBxmEWIJqr5QPcrkHcnlKl,dnevno.hr,United States,tablet,In-View,728x90,0,0,103,$2.52,$0.26
2017-06-13,aBxmEWIJqr5QPcrkHcnlKl,dnevno.hr,United States,tablet,In-View,160x600,0,0,124,$2.50,$0.31
2017-06-13,aBxmEWIJqr5QPcrkHcnlKl,dnevno.hr,United States,mobile,In-View,all,3632,3,0,$0.00,$0.00
2017-06-13,aBxmEWIJqr5QPcrkHcnlKl,dnevno.hr,United States,mobile,In-View,320x50,0,0,2458,$1.00,$2.46
2017-06-13,aBxmEWIJqr5QPcrkHcnlKl,dnevno.hr,United States,mobile,In-View,320x100,0,0,84,$0.95,$0.08
2017-06-13,aBxmEWIJqr5QPcrkHcnlKl,dnevno.hr,United States,desktop,In-View,all,8043,2,0,$0.00,$0.00
2017-06-13,aBxmEWIJqr5QPcrkHcnlKl,dnevno.hr,United States,desktop,In-View,728x90,0,0,211,$2.51,$0.53
2017-06-13,aBxmEWIJqr5QPcrkHcnlKl,dnevno.hr,United States,desktop,In-View,400x300,0,0,398,$2.51,$1.00
2017-06-13,aBxmEWIJqr5QPcrkHcnlKl,dnevno.hr,United States,desktop,In-View,300x600,0,0,266,$2.52,$0.67
2017-06-13,aBxmEWIJqr5QPcrkHcnlKl,dnevno.hr,United States,desktop,In-View,300x250,0,0,158,$2.53,$0.40
2017-06-13,aBxmEWIJqr5QPcrkHcnlKl,dnevno.hr,United States,desktop,In-View,160x600,0,0,201,$2.49,$0.50
2017-06-13,aBxmEWIJqr5QPcrkHcnlKl,dnevno.hr,Rest of the World,tablet,In-View,all,13158,73,0,$0.00,$0.00
2017-06-13,aBxmEWIJqr5QPcrkHcnlKl,dnevno.hr,Rest of the World,tablet,In-View,728x90,0,0,2322,$1.25,$2.90
2017-06-13,aBxmEWIJqr5QPcrkHcnlKl,dnevno.hr,Rest of the World,tablet,In-View,160x600,0,0,2195,$1.25,$2.74
2017-06-13,aBxmEWIJqr5QPcrkHcnlKl,dnevno.hr,Rest of the World,mobile,In-View,all,121746,321,0,$0.00,$0.00
2017-06-13,aBxmEWIJqr5QPcrkHcnlKl,dnevno.hr,Rest of the World,mobile,In-View,320x50,0,0,10729,$0.50,$5.36
2017-06-13,aBxmEWIJqr5QPcrkHcnlKl,dnevno.hr,Rest of the World,mobile,In-View,320x480,0,0,9,$1.11,$0.01
2017-06-13,aBxmEWIJqr5QPcrkHcnlKl,dnevno.hr,Rest of the World,mobile,In-View,320x100,0,0,23799,$0.50,$11.90
2017-06-13,aBxmEWIJqr5QPcrkHcnlKl,dnevno.hr,Rest of the World,mobile,In-View,300x250,0,0,15,$1.33,$0.02
2017-06-13,aBxmEWIJqr5QPcrkHcnlKl,dnevno.hr,Rest of the World,desktop,In-View,all,158878,27,0,$0.00,$0.00
2017-06-13,aBxmEWIJqr5QPcrkHcnlKl,dnevno.hr,Rest of the World,desktop,In-View,728x90,0,0,3858,$1.25,$4.82
2017-06-13,aBxmEWIJqr5QPcrkHcnlKl,dnevno.hr,Rest of the World,desktop,In-View,400x300,0,0,7550,$1.25,$9.44
2017-06-13,aBxmEWIJqr5QPcrkHcnlKl,dnevno.hr,Rest of the World,desktop,In-View,300x600,0,0,10757,$1.25,$13.45
2017-06-13,aBxmEWIJqr5QPcrkHcnlKl,dnevno.hr,Rest of the World,desktop,In-View,300x250,0,0,4392,$1.25,$5.49
2017-06-13,aBxmEWIJqr5QPcrkHcnlKl,dnevno.hr,Rest of the World,desktop,In-View,160x600,0,0,5517,$1.25,$6.90
2017-06-12,aBxmEWIJqr5QPcrkHcnlKl,dnevno.hr,United States,tablet,In-View,all,226,0,0,$0.00,$0.00
2017-06-12,aBxmEWIJqr5QPcrkHcnlKl,dnevno.hr,United States,tablet,In-View,728x90,0,0,111,$2.52,$0.28
2017-06-12,aBxmEWIJqr5QPcrkHcnlKl,dnevno.hr,United States,tablet,In-View,160x600,0,0,120,$2.50,$0.30
2017-06-12,aBxmEWIJqr5QPcrkHcnlKl,dnevno.hr,United States,mobile,In-View,all,2842,0,0,$0.00,$0.00
2017-06-12,aBxmEWIJqr5QPcrkHcnlKl,dnevno.hr,United States,mobile,In-View,320x50,0,0,2324,$1.00,$2.32
2017-06-12,aBxmEWIJqr5QPcrkHcnlKl,dnevno.hr,United States,mobile,In-View,320x100,0,0,70,$1.00,$0.07
2017-06-12,aBxmEWIJqr5QPcrkHcnlKl,dnevno.hr,United States,desktop,In-View,all,7893,2,0,$0.00,$0.00
2017-06-12,aBxmEWIJqr5QPcrkHcnlKl,dnevno.hr,United States,desktop,In-View,728x90,0,0,211,$2.51,$0.53
2017-06-12,aBxmEWIJqr5QPcrkHcnlKl,dnevno.hr,United States,desktop,In-View,400x300,0,0,386,$2.51,$0.97
2017-06-12,aBxmEWIJqr5QPcrkHcnlKl,dnevno.hr,United States,desktop,In-View,300x600,0,0,280,$2.50,$0.70
2017-06-12,aBxmEWIJqr5QPcrkHcnlKl,dnevno.hr,United States,desktop,In-View,300x250,0,0,172,$2.50,$0.43
2017-06-12,aBxmEWIJqr5QPcrkHcnlKl,dnevno.hr,United States,desktop,In-View,160x600,0,0,263,$2.51,$0.66
2017-06-12,aBxmEWIJqr5QPcrkHcnlKl,dnevno.hr,Rest of the World,tablet,In-View,all,13111,99,0,$0.00,$0.00
2017-06-12,aBxmEWIJqr5QPcrkHcnlKl,dnevno.hr,Rest of the World,tablet,In-View,728x90,0,0,2322,$1.25,$2.90
2017-06-12,aBxmEWIJqr5QPcrkHcnlKl,dnevno.hr,Rest of the World,tablet,In-View,160x600,0,0,2106,$1.25,$2.63
2017-06-12,aBxmEWIJqr5QPcrkHcnlKl,dnevno.hr,Rest of the World,mobile,In-View,all,113630,269,0,$0.00,$0.00
2017-06-12,aBxmEWIJqr5QPcrkHcnlKl,dnevno.hr,Rest of the World,mobile,In-View,320x50,0,0,10359,$0.50,$5.18
2017-06-12,aBxmEWIJqr5QPcrkHcnlKl,dnevno.hr,Rest of the World,mobile,In-View,320x480,0,0,17,$1.18,$0.02
2017-06-12,aBxmEWIJqr5QPcrkHcnlKl,dnevno.hr,Rest of the World,mobile,In-View,320x100,0,0,25303,$0.50,$12.65
2017-06-12,aBxmEWIJqr5QPcrkHcnlKl,dnevno.hr,Rest of the World,mobile,In-View,300x250,0,0,31,$1.29,$0.04
2017-06-12,aBxmEWIJqr5QPcrkHcnlKl,dnevno.hr,Rest of the World,desktop,In-View,all,167952,40,0,$0.00,$0.00
2017-06-12,aBxmEWIJqr5QPcrkHcnlKl,dnevno.hr,Rest of the World,desktop,In-View,728x90,0,0,3918,$1.25,$4.90
2017-06-12,aBxmEWIJqr5QPcrkHcnlKl,dnevno.hr,Rest of the World,desktop,In-View,400x300,0,0,1707,$1.25,$2.13
2017-06-12,aBxmEWIJqr5QPcrkHcnlKl,dnevno.hr,Rest of the World,desktop,In-View,300x600,0,0,14765,$1.25,$18.46
2017-06-12,aBxmEWIJqr5QPcrkHcnlKl,dnevno.hr,Rest of the World,desktop,In-View,300x250,0,0,4420,$1.25,$5.53
2017-06-12,aBxmEWIJqr5QPcrkHcnlKl,dnevno.hr,Rest of the World,desktop,In-View,160x600,0,0,6054,$1.25,$7.57
2017-06-11,aBxmEWIJqr5QPcrkHcnlKl,dnevno.hr,United States,tablet,In-View,all,151,0,0,$0.00,$0.00
2017-06-11,aBxmEWIJqr5QPcrkHcnlKl,dnevno.hr,United States,tablet,In-View,728x90,0,0,100,$2.50,$0.25
2017-06-11,aBxmEWIJqr5QPcrkHcnlKl,dnevno.hr,United States,tablet,In-View,160x600,0,0,71,$2.54,$0.18
2017-06-11,aBxmEWIJqr5QPcrkHcnlKl,dnevno.hr,United States,mobile,In-View,all,2584,3,0,$0.00,$0.00
2017-06-11,aBxmEWIJqr5QPcrkHcnlKl,dnevno.hr,United States,mobile,In-View,320x50,0,0,2087,$1.00,$2.09
2017-06-11,aBxmEWIJqr5QPcrkHcnlKl,dnevno.hr,United States,mobile,In-View,320x100,0,0,76,$1.05,$0.08
2017-06-11,aBxmEWIJqr5QPcrkHcnlKl,dnevno.hr,United States,mobile,In-View,300x250,0,0,6,$3.33,$0.02
2017-06-11,aBxmEWIJqr5QPcrkHcnlKl,dnevno.hr,United States,desktop,In-View,all,5917,0,0,$0.00,$0.00
2017-06-11,aBxmEWIJqr5QPcrkHcnlKl,dnevno.hr,United States,desktop,In-View,728x90,0,0,175,$2.51,$0.44
2017-06-11,aBxmEWIJqr5QPcrkHcnlKl,dnevno.hr,United States,desktop,In-View,400x300,0,0,336,$2.50,$0.84
2017-06-11,aBxmEWIJqr5QPcrkHcnlKl,dnevno.hr,United States,desktop,In-View,300x600,0,0,276,$2.50,$0.69
2017-06-11,aBxmEWIJqr5QPcrkHcnlKl,dnevno.hr,United States,desktop,In-View,300x250,0,0,124,$2.50,$0.31
2017-06-11,aBxmEWIJqr5QPcrkHcnlKl,dnevno.hr,United States,desktop,In-View,160x600,0,0,130,$2.54,$0.33
2017-06-11,aBxmEWIJqr5QPcrkHcnlKl,dnevno.hr,Rest of the World,tablet,In-View,all,12676,29,0,$0.00,$0.00
2017-06-11,aBxmEWIJqr5QPcrkHcnlKl,dnevno.hr,Rest of the World,tablet,In-View,728x90,0,0,2587,$1.25,$3.23
2017-06-11,aBxmEWIJqr5QPcrkHcnlKl,dnevno.hr,Rest of the World,tablet,In-View,160x600,0,0,2047,$1.25,$2.56
2017-06-11,aBxmEWIJqr5QPcrkHcnlKl,dnevno.hr,Rest of the World,mobile,In-View,all,101760,273,0,$0.00,$0.00
2017-06-11,aBxmEWIJqr5QPcrkHcnlKl,dnevno.hr,Rest of the World,mobile,In-View,320x50,0,0,9724,$0.50,$4.86
2017-06-11,aBxmEWIJqr5QPcrkHcnlKl,dnevno.hr,Rest of the World,mobile,In-View,320x480,0,0,21,$1.43,$0.03
2017-06-11,aBxmEWIJqr5QPcrkHcnlKl,dnevno.hr,Rest of the World,mobile,In-View,320x100,0,0,22118,$0.50,$11.06
2017-06-11,aBxmEWIJqr5QPcrkHcnlKl,dnevno.hr,Rest of the World,mobile,In-View,300x250,0,0,39,$1.28,$0.05
2017-06-11,aBxmEWIJqr5QPcrkHcnlKl,dnevno.hr,Rest of the World,desktop,In-View,all,89746,24,0,$0.00,$0.00
2017-06-11,aBxmEWIJqr5QPcrkHcnlKl,dnevno.hr,Rest of the World,desktop,In-View,728x90,0,0,2812,$1.25,$3.52
2017-06-11,aBxmEWIJqr5QPcrkHcnlKl,dnevno.hr,Rest of the World,desktop,In-View,400x300,0,0,968,$1.25,$1.21
2017-06-11,aBxmEWIJqr5QPcrkHcnlKl,dnevno.hr,Rest of the World,desktop,In-View,300x600,0,0,10528,$1.25,$13.16
2017-06-11,aBxmEWIJqr5QPcrkHcnlKl,dnevno.hr,Rest of the World,desktop,In-View,300x250,0,0,3098,$1.25,$3.87
2017-06-11,aBxmEWIJqr5QPcrkHcnlKl,dnevno.hr,Rest of the World,desktop,In-View,160x600,0,0,3966,$1.25,$4.96
2017-06-10,aBxmEWIJqr5QPcrkHcnlKl,dnevno.hr,United States,tablet,In-View,all,256,0,0,$0.00,$0.00
2017-06-10,aBxmEWIJqr5QPcrkHcnlKl,dnevno.hr,United States,tablet,In-View,728x90,0,0,120,$2.50,$0.30
2017-06-10,aBxmEWIJqr5QPcrkHcnlKl,dnevno.hr,United States,tablet,In-View,160x600,0,0,138,$2.54,$0.35
2017-06-10,aBxmEWIJqr5QPcrkHcnlKl,dnevno.hr,United States,mobile,In-View,all,3463,2,0,$0.00,$0.00
2017-06-10,aBxmEWIJqr5QPcrkHcnlKl,dnevno.hr,United States,mobile,In-View,320x50,0,0,1877,$1.00,$1.88
2017-06-10,aBxmEWIJqr5QPcrkHcnlKl,dnevno.hr,United States,mobile,In-View,320x100,0,0,134,$0.97,$0.13
2017-06-10,aBxmEWIJqr5QPcrkHcnlKl,dnevno.hr,United States,desktop,In-View,all,8795,0,0,$0.00,$0.00
2017-06-10,aBxmEWIJqr5QPcrkHcnlKl,dnevno.hr,United States,desktop,In-View,728x90,0,0,162,$2.53,$0.41
2017-06-10,aBxmEWIJqr5QPcrkHcnlKl,dnevno.hr,United States,desktop,In-View,400x300,0,0,345,$2.49,$0.86
2017-06-10,aBxmEWIJqr5QPcrkHcnlKl,dnevno.hr,United States,desktop,In-View,300x600,0,0,247,$2.51,$0.62
2017-06-10,aBxmEWIJqr5QPcrkHcnlKl,dnevno.hr,United States,desktop,In-View,300x250,0,0,121,$2.48,$0.30
2017-06-10,aBxmEWIJqr5QPcrkHcnlKl,dnevno.hr,United States,desktop,In-View,160x600,0,0,166,$2.53,$0.42
2017-06-10,aBxmEWIJqr5QPcrkHcnlKl,dnevno.hr,Rest of the World,tablet,In-View,all,12704,33,0,$0.00,$0.00
2017-06-10,aBxmEWIJqr5QPcrkHcnlKl,dnevno.hr,Rest of the World,tablet,In-View,728x90,0,0,2609,$1.25,$3.26
2017-06-10,aBxmEWIJqr5QPcrkHcnlKl,dnevno.hr,Rest of the World,tablet,In-View,160x600,0,0,2155,$1.25,$2.69
2017-06-10,aBxmEWIJqr5QPcrkHcnlKl,dnevno.hr,Rest of the World,mobile,In-View,all,103584,264,0,$0.00,$0.00
2017-06-10,aBxmEWIJqr5QPcrkHcnlKl,dnevno.hr,Rest of the World,mobile,In-View,320x50,0,0,16007,$0.50,$8.00
2017-06-10,aBxmEWIJqr5QPcrkHcnlKl,dnevno.hr,Rest of the World,mobile,In-View,320x480,0,0,20,$1.50,$0.03
2017-06-10,aBxmEWIJqr5QPcrkHcnlKl,dnevno.hr,Rest of the World,mobile,In-View,320x100,0,0,39847,$0.50,$19.92
2017-06-10,aBxmEWIJqr5QPcrkHcnlKl,dnevno.hr,Rest of the World,mobile,In-View,300x250,0,0,38,$1.32,$0.05
2017-06-10,aBxmEWIJqr5QPcrkHcnlKl,dnevno.hr,Rest of the World,desktop,In-View,all,97564,26,0,$0.00,$0.00
2017-06-10,aBxmEWIJqr5QPcrkHcnlKl,dnevno.hr,Rest of the World,desktop,In-View,728x90,0,0,3140,$1.25,$3.93
2017-06-10,aBxmEWIJqr5QPcrkHcnlKl,dnevno.hr,Rest of the World,desktop,In-View,400x300,0,0,1068,$1.25,$1.34
2017-06-10,aBxmEWIJqr5QPcrkHcnlKl,dnevno.hr,Rest of the World,desktop,In-View,300x600,0,0,10221,$1.25,$12.78
2017-06-10,aBxmEWIJqr5QPcrkHcnlKl,dnevno.hr,Rest of the World,desktop,In-View,300x250,0,0,3282,$1.25,$4.10
2017-06-10,aBxmEWIJqr5QPcrkHcnlKl,dnevno.hr,Rest of the World,desktop,In-View,160x600,0,0,4079,$1.25,$5.10
2017-06-09,aBxmEWIJqr5QPcrkHcnlKl,dnevno.hr,United States,tablet,In-View,all,228,0,0,$0.00,$0.00
2017-06-09,aBxmEWIJqr5QPcrkHcnlKl,dnevno.hr,United States,tablet,In-View,728x90,0,0,99,$2.53,$0.25
2017-06-09,aBxmEWIJqr5QPcrkHcnlKl,dnevno.hr,United States,tablet,In-View,160x600,0,0,122,$2.54,$0.31
2017-06-09,aBxmEWIJqr5QPcrkHcnlKl,dnevno.hr,United States,mobile,In-View,all,3356,1,0,$0.00,$0.00
2017-06-09,aBxmEWIJqr5QPcrkHcnlKl,dnevno.hr,United States,mobile,In-View,320x50,0,0,2311,$1.00,$2.31
2017-06-09,aBxmEWIJqr5QPcrkHcnlKl,dnevno.hr,United States,mobile,In-View,320x480,0,0,17,$2.35,$0.04
2017-06-09,aBxmEWIJqr5QPcrkHcnlKl,dnevno.hr,United States,mobile,In-View,320x100,0,0,136,$1.03,$0.14
2017-06-09,aBxmEWIJqr5QPcrkHcnlKl,dnevno.hr,United States,mobile,In-View,300x250,0,0,20,$2.50,$0.05
2017-06-09,aBxmEWIJqr5QPcrkHcnlKl,dnevno.hr,United States,desktop,In-View,all,7175,0,0,$0.00,$0.00
2017-06-09,aBxmEWIJqr5QPcrkHcnlKl,dnevno.hr,United States,desktop,In-View,728x90,0,0,214,$2.52,$0.54
2017-06-09,aBxmEWIJqr5QPcrkHcnlKl,dnevno.hr,United States,desktop,In-View,400x300,0,0,384,$2.50,$0.96
2017-06-09,aBxmEWIJqr5QPcrkHcnlKl,dnevno.hr,United States,desktop,In-View,300x600,0,0,318,$2.52,$0.80
2017-06-09,aBxmEWIJqr5QPcrkHcnlKl,dnevno.hr,United States,desktop,In-View,300x250,0,0,162,$2.53,$0.41
2017-06-09,aBxmEWIJqr5QPcrkHcnlKl,dnevno.hr,United States,desktop,In-View,160x600,0,0,226,$2.52,$0.57
2017-06-09,aBxmEWIJqr5QPcrkHcnlKl,dnevno.hr,Rest of the World,tablet,In-View,all,12832,44,0,$0.00,$0.00
2017-06-09,aBxmEWIJqr5QPcrkHcnlKl,dnevno.hr,Rest of the World,tablet,In-View,728x90,0,0,2314,$1.25,$2.89
2017-06-09,aBxmEWIJqr5QPcrkHcnlKl,dnevno.hr,Rest of the World,tablet,In-View,160x600,0,0,2206,$1.25,$2.76
2017-06-09,aBxmEWIJqr5QPcrkHcnlKl,dnevno.hr,Rest of the World,mobile,In-View,all,110983,206,0,$0.00,$0.00
2017-06-09,aBxmEWIJqr5QPcrkHcnlKl,dnevno.hr,Rest of the World,mobile,In-View,320x50,0,0,15870,$0.50,$7.94
2017-06-09,aBxmEWIJqr5QPcrkHcnlKl,dnevno.hr,Rest of the World,mobile,In-View,320x480,0,0,42,$1.19,$0.05
2017-06-09,aBxmEWIJqr5QPcrkHcnlKl,dnevno.hr,Rest of the World,mobile,In-View,320x100,0,0,37369,$0.50,$18.68
2017-06-09,aBxmEWIJqr5QPcrkHcnlKl,dnevno.hr,Rest of the World,mobile,In-View,300x250,0,0,54,$1.30,$0.07
2017-06-09,aBxmEWIJqr5QPcrkHcnlKl,dnevno.hr,Rest of the World,desktop,In-View,all,161841,43,0,$0.00,$0.00
2017-06-09,aBxmEWIJqr5QPcrkHcnlKl,dnevno.hr,Rest of the World,desktop,In-View,728x90,0,0,4418,$1.25,$5.52
2017-06-09,aBxmEWIJqr5QPcrkHcnlKl,dnevno.hr,Rest of the World,desktop,In-View,400x300,0,0,1715,$1.25,$2.14
2017-06-09,aBxmEWIJqr5QPcrkHcnlKl,dnevno.hr,Rest of the World,desktop,In-View,300x600,0,0,15195,$1.25,$18.99
2017-06-09,aBxmEWIJqr5QPcrkHcnlKl,dnevno.hr,Rest of the World,desktop,In-View,300x250,0,0,4676,$1.25,$5.85
2017-06-09,aBxmEWIJqr5QPcrkHcnlKl,dnevno.hr,Rest of the World,desktop,In-View,160x600,0,0,6228,$1.25,$7.79
2017-06-08,aBxmEWIJqr5QPcrkHcnlKl,dnevno.hr,United States,tablet,In-View,all,233,0,0,$0.00,$0.00
2017-06-08,aBxmEWIJqr5QPcrkHcnlKl,dnevno.hr,United States,tablet,In-View,728x90,0,0,110,$2.55,$0.28
2017-06-08,aBxmEWIJqr5QPcrkHcnlKl,dnevno.hr,United States,tablet,In-View,160x600,0,0,146,$2.53,$0.37
2017-06-08,aBxmEWIJqr5QPcrkHcnlKl,dnevno.hr,United States,mobile,In-View,all,3247,4,0,$0.00,$0.00
2017-06-08,aBxmEWIJqr5QPcrkHcnlKl,dnevno.hr,United States,mobile,In-View,320x50,0,0,2038,$1.00,$2.04
2017-06-08,aBxmEWIJqr5QPcrkHcnlKl,dnevno.hr,United States,mobile,In-View,320x480,0,0,1,$0.00,$0.00
2017-06-08,aBxmEWIJqr5QPcrkHcnlKl,dnevno.hr,United States,mobile,In-View,320x100,0,0,149,$1.01,$0.15
2017-06-08,aBxmEWIJqr5QPcrkHcnlKl,dnevno.hr,United States,mobile,In-View,300x250,0,0,5,$2.00,$0.01
2017-06-08,aBxmEWIJqr5QPcrkHcnlKl,dnevno.hr,United States,desktop,In-View,all,8273,0,0,$0.00,$0.00
2017-06-08,aBxmEWIJqr5QPcrkHcnlKl,dnevno.hr,United States,desktop,In-View,728x90,0,0,207,$2.51,$0.52
2017-06-08,aBxmEWIJqr5QPcrkHcnlKl,dnevno.hr,United States,desktop,In-View,400x300,0,0,470,$2.51,$1.18
2017-06-08,aBxmEWIJqr5QPcrkHcnlKl,dnevno.hr,United States,desktop,In-View,300x600,0,0,299,$2.51,$0.75
2017-06-08,aBxmEWIJqr5QPcrkHcnlKl,dnevno.hr,United States,desktop,In-View,300x250,0,0,173,$2.49,$0.43
2017-06-08,aBxmEWIJqr5QPcrkHcnlKl,dnevno.hr,United States,desktop,In-View,160x600,0,0,207,$2.51,$0.52
2017-06-08,aBxmEWIJqr5QPcrkHcnlKl,dnevno.hr,Rest of the World,tablet,In-View,all,14372,55,0,$0.00,$0.00
2017-06-08,aBxmEWIJqr5QPcrkHcnlKl,dnevno.hr,Rest of the World,tablet,In-View,728x90,0,0,2401,$1.25,$3.00
2017-06-08,aBxmEWIJqr5QPcrkHcnlKl,dnevno.hr,Rest of the World,tablet,In-View,160x600,0,0,2444,$1.25,$3.06
2017-06-08,aBxmEWIJqr5QPcrkHcnlKl,dnevno.hr,Rest of the World,mobile,In-View,all,123237,251,0,$0.00,$0.00
2017-06-08,aBxmEWIJqr5QPcrkHcnlKl,dnevno.hr,Rest of the World,mobile,In-View,320x50,0,0,17780,$0.50,$8.89
2017-06-08,aBxmEWIJqr5QPcrkHcnlKl,dnevno.hr,Rest of the World,mobile,In-View,320x480,0,0,79,$1.27,$0.10
2017-06-08,aBxmEWIJqr5QPcrkHcnlKl,dnevno.hr,Rest of the World,mobile,In-View,320x100,0,0,43432,$0.50,$21.72
2017-06-08,aBxmEWIJqr5QPcrkHcnlKl,dnevno.hr,Rest of the World,mobile,In-View,300x250,0,0,153,$1.24,$0.19
2017-06-08,aBxmEWIJqr5QPcrkHcnlKl,dnevno.hr,Rest of the World,desktop,In-View,all,182838,57,0,$0.00,$0.00
2017-06-08,aBxmEWIJqr5QPcrkHcnlKl,dnevno.hr,Rest of the World,desktop,In-View,728x90,0,0,4331,$1.25,$5.41
2017-06-08,aBxmEWIJqr5QPcrkHcnlKl,dnevno.hr,Rest of the World,desktop,In-View,400x300,0,0,1690,$1.25,$2.11
2017-06-08,aBxmEWIJqr5QPcrkHcnlKl,dnevno.hr,Rest of the World,desktop,In-View,300x600,0,0,14519,$1.25,$18.15
2017-06-08,aBxmEWIJqr5QPcrkHcnlKl,dnevno.hr,Rest of the World,desktop,In-View,300x250,0,0,4512,$1.25,$5.64
2017-06-08,aBxmEWIJqr5QPcrkHcnlKl,dnevno.hr,Rest of the World,desktop,In-View,160x600,0,0,5795,$1.25,$7.24
2017-06-07,aBxmEWIJqr5QPcrkHcnlKl,dnevno.hr,United States,tablet,In-View,all,209,0,0,$0.00,$0.00
2017-06-07,aBxmEWIJqr5QPcrkHcnlKl,dnevno.hr,United States,tablet,In-View,728x90,0,0,106,$2.55,$0.27
2017-06-07,aBxmEWIJqr5QPcrkHcnlKl,dnevno.hr,United States,tablet,In-View,160x600,0,0,118,$2.54,$0.30
2017-06-07,aBxmEWIJqr5QPcrkHcnlKl,dnevno.hr,United States,mobile,In-View,all,3617,0,0,$0.00,$0.00
2017-06-07,aBxmEWIJqr5QPcrkHcnlKl,dnevno.hr,United States,mobile,In-View,320x50,0,0,846,$1.00,$0.85
2017-06-07,aBxmEWIJqr5QPcrkHcnlKl,dnevno.hr,United States,mobile,In-View,320x480,0,0,197,$2.49,$0.49
2017-06-07,aBxmEWIJqr5QPcrkHcnlKl,dnevno.hr,United States,mobile,In-View,320x100,0,0,92,$0.98,$0.09
2017-06-07,aBxmEWIJqr5QPcrkHcnlKl,dnevno.hr,United States,mobile,In-View,300x250,0,0,2008,$2.50,$5.02
2017-06-07,aBxmEWIJqr5QPcrkHcnlKl,dnevno.hr,United States,desktop,In-View,all,7980,2,0,$0.00,$0.00
2017-06-07,aBxmEWIJqr5QPcrkHcnlKl,dnevno.hr,United States,desktop,In-View,728x90,0,0,224,$2.50,$0.56
2017-06-07,aBxmEWIJqr5QPcrkHcnlKl,dnevno.hr,United States,desktop,In-View,400x300,0,0,417,$2.49,$1.04
2017-06-07,aBxmEWIJqr5QPcrkHcnlKl,dnevno.hr,United States,desktop,In-View,300x600,0,0,236,$2.50,$0.59
2017-06-07,aBxmEWIJqr5QPcrkHcnlKl,dnevno.hr,United States,desktop,In-View,300x250,0,0,136,$2.50,$0.34
2017-06-07,aBxmEWIJqr5QPcrkHcnlKl,dnevno.hr,United States,desktop,In-View,160x600,0,0,194,$2.53,$0.49
2017-06-07,aBxmEWIJqr5QPcrkHcnlKl,dnevno.hr,Rest of the World,tablet,In-View,all,14952,57,0,$0.00,$0.00
2017-06-07,aBxmEWIJqr5QPcrkHcnlKl,dnevno.hr,Rest of the World,tablet,In-View,728x90,0,0,2581,$1.25,$3.23
2017-06-07,aBxmEWIJqr5QPcrkHcnlKl,dnevno.hr,Rest of the World,tablet,In-View,160x600,0,0,2702,$1.25,$3.38
2017-06-07,aBxmEWIJqr5QPcrkHcnlKl,dnevno.hr,Rest of the World,mobile,In-View,all,117425,269,0,$0.00,$0.00
2017-06-07,aBxmEWIJqr5QPcrkHcnlKl,dnevno.hr,Rest of the World,mobile,In-View,320x50,0,0,9798,$0.50,$4.90
2017-06-07,aBxmEWIJqr5QPcrkHcnlKl,dnevno.hr,Rest of the World,mobile,In-View,320x480,0,0,16513,$1.25,$20.64
2017-06-07,aBxmEWIJqr5QPcrkHcnlKl,dnevno.hr,Rest of the World,mobile,In-View,320x100,0,0,24593,$0.50,$12.30
2017-06-07,aBxmEWIJqr5QPcrkHcnlKl,dnevno.hr,Rest of the World,mobile,In-View,300x250,0,0,26393,$1.25,$32.99
2017-06-07,aBxmEWIJqr5QPcrkHcnlKl,dnevno.hr,Rest of the World,desktop,In-View,all,166981,34,0,$0.00,$0.00
2017-06-07,aBxmEWIJqr5QPcrkHcnlKl,dnevno.hr,Rest of the World,desktop,In-View,728x90,0,0,3794,$1.25,$4.74
2017-06-07,aBxmEWIJqr5QPcrkHcnlKl,dnevno.hr,Rest of the World,desktop,In-View,400x300,0,0,1450,$1.25,$1.81
2017-06-07,aBxmEWIJqr5QPcrkHcnlKl,dnevno.hr,Rest of the World,desktop,In-View,300x600,0,0,11172,$1.25,$13.97
2017-06-07,aBxmEWIJqr5QPcrkHcnlKl,dnevno.hr,Rest of the World,desktop,In-View,300x250,0,0,4335,$1.25,$5.42
2017-06-07,aBxmEWIJqr5QPcrkHcnlKl,dnevno.hr,Rest of the World,desktop,In-View,160x600,0,0,5159,$1.25,$6.45
2017-06-06,aBxmEWIJqr5QPcrkHcnlKl,dnevno.hr,United States,tablet,In-View,all,170,0,0,$0.00,$0.00
2017-06-06,aBxmEWIJqr5QPcrkHcnlKl,dnevno.hr,United States,tablet,In-View,728x90,0,0,81,$2.47,$0.20
2017-06-06,aBxmEWIJqr5QPcrkHcnlKl,dnevno.hr,United States,tablet,In-View,160x600,0,0,104,$2.50,$0.26
2017-06-06,aBxmEWIJqr5QPcrkHcnlKl,dnevno.hr,United States,mobile,In-View,all,4101,5,0,$0.00,$0.00
2017-06-06,aBxmEWIJqr5QPcrkHcnlKl,dnevno.hr,United States,mobile,In-View,320x50,0,0,162,$0.99,$0.16
2017-06-06,aBxmEWIJqr5QPcrkHcnlKl,dnevno.hr,United States,mobile,In-View,320x480,0,0,294,$2.52,$0.74
2017-06-06,aBxmEWIJqr5QPcrkHcnlKl,dnevno.hr,United States,mobile,In-View,320x100,0,0,44,$0.91,$0.04
2017-06-06,aBxmEWIJqr5QPcrkHcnlKl,dnevno.hr,United States,mobile,In-View,300x250,0,0,3684,$2.50,$9.21
2017-06-06,aBxmEWIJqr5QPcrkHcnlKl,dnevno.hr,United States,desktop,In-View,all,9095,1,0,$0.00,$0.00
2017-06-06,aBxmEWIJqr5QPcrkHcnlKl,dnevno.hr,United States,desktop,In-View,728x90,0,0,198,$2.53,$0.50
2017-06-06,aBxmEWIJqr5QPcrkHcnlKl,dnevno.hr,United States,desktop,In-View,400x300,0,0,348,$2.50,$0.87
2017-06-06,aBxmEWIJqr5QPcrkHcnlKl,dnevno.hr,United States,desktop,In-View,300x600,0,0,276,$2.50,$0.69
2017-06-06,aBxmEWIJqr5QPcrkHcnlKl,dnevno.hr,United States,desktop,In-View,300x250,0,0,142,$2.54,$0.36
2017-06-06,aBxmEWIJqr5QPcrkHcnlKl,dnevno.hr,United States,desktop,In-View,160x600,0,0,199,$2.51,$0.50
2017-06-06,aBxmEWIJqr5QPcrkHcnlKl,dnevno.hr,Rest of the World,tablet,In-View,all,14692,57,0,$0.00,$0.00
2017-06-06,aBxmEWIJqr5QPcrkHcnlKl,dnevno.hr,Rest of the World,tablet,In-View,728x90,0,0,2640,$1.25,$3.30
2017-06-06,aBxmEWIJqr5QPcrkHcnlKl,dnevno.hr,Rest of the World,tablet,In-View,160x600,0,0,2435,$1.25,$3.04
2017-06-06,aBxmEWIJqr5QPcrkHcnlKl,dnevno.hr,Rest of the World,mobile,In-View,all,113712,244,0,$0.00,$0.00
2017-06-06,aBxmEWIJqr5QPcrkHcnlKl,dnevno.hr,Rest of the World,mobile,In-View,320x50,0,0,6654,$0.50,$3.33
2017-06-06,aBxmEWIJqr5QPcrkHcnlKl,dnevno.hr,Rest of the World,mobile,In-View,320x480,0,0,25329,$1.25,$31.66
2017-06-06,aBxmEWIJqr5QPcrkHcnlKl,dnevno.hr,Rest of the World,mobile,In-View,320x100,0,0,17144,$0.50,$8.57
2017-06-06,aBxmEWIJqr5QPcrkHcnlKl,dnevno.hr,Rest of the World,mobile,In-View,300x250,0,0,40263,$1.25,$50.33
2017-06-06,aBxmEWIJqr5QPcrkHcnlKl,dnevno.hr,Rest of the World,desktop,In-View,all,165580,29,0,$0.00,$0.00
2017-06-06,aBxmEWIJqr5QPcrkHcnlKl,dnevno.hr,Rest of the World,desktop,In-View,728x90,0,0,3960,$1.25,$4.95
2017-06-06,aBxmEWIJqr5QPcrkHcnlKl,dnevno.hr,Rest of the World,desktop,In-View,400x300,0,0,1703,$1.25,$2.13
2017-06-06,aBxmEWIJqr5QPcrkHcnlKl,dnevno.hr,Rest of the World,desktop,In-View,300x600,0,0,10468,$1.25,$13.09
2017-06-06,aBxmEWIJqr5QPcrkHcnlKl,dnevno.hr,Rest of the World,desktop,In-View,300x250,0,0,4572,$1.25,$5.72
2017-06-06,aBxmEWIJqr5QPcrkHcnlKl,dnevno.hr,Rest of the World,desktop,In-View,160x600,0,0,5358,$1.25,$6.70
2017-06-05,aBxmEWIJqr5QPcrkHcnlKl,dnevno.hr,United States,tablet,In-View,all,254,0,0,$0.00,$0.00
2017-06-05,aBxmEWIJqr5QPcrkHcnlKl,dnevno.hr,United States,tablet,In-View,728x90,0,0,114,$2.54,$0.29
2017-06-05,aBxmEWIJqr5QPcrkHcnlKl,dnevno.hr,United States,tablet,In-View,160x600,0,0,147,$2.52,$0.37
2017-06-05,aBxmEWIJqr5QPcrkHcnlKl,dnevno.hr,United States,mobile,In-View,all,3201,1,0,$0.00,$0.00
2017-06-05,aBxmEWIJqr5QPcrkHcnlKl,dnevno.hr,United States,mobile,In-View,320x50,0,0,299,$1.00,$0.30
2017-06-05,aBxmEWIJqr5QPcrkHcnlKl,dnevno.hr,United States,mobile,In-View,320x480,0,0,265,$2.49,$0.66
2017-06-05,aBxmEWIJqr5QPcrkHcnlKl,dnevno.hr,United States,mobile,In-View,320x100,0,0,70,$1.00,$0.07
2017-06-05,aBxmEWIJqr5QPcrkHcnlKl,dnevno.hr,United States,mobile,In-View,300x250,0,0,2158,$2.50,$5.40
2017-06-05,aBxmEWIJqr5QPcrkHcnlKl,dnevno.hr,United States,desktop,In-View,all,5686,1,0,$0.00,$0.00
2017-06-05,aBxmEWIJqr5QPcrkHcnlKl,dnevno.hr,United States,desktop,In-View,728x90,0,0,173,$2.49,$0.43
2017-06-05,aBxmEWIJqr5QPcrkHcnlKl,dnevno.hr,United States,desktop,In-View,400x300,0,0,374,$2.51,$0.94
2017-06-05,aBxmEWIJqr5QPcrkHcnlKl,dnevno.hr,United States,desktop,In-View,300x600,0,0,273,$2.49,$0.68
2017-06-05,aBxmEWIJqr5QPcrkHcnlKl,dnevno.hr,United States,desktop,In-View,300x250,0,0,135,$2.52,$0.34
2017-06-05,aBxmEWIJqr5QPcrkHcnlKl,dnevno.hr,United States,desktop,In-View,160x600,0,0,180,$2.50,$0.45
2017-06-05,aBxmEWIJqr5QPcrkHcnlKl,dnevno.hr,Rest of the World,tablet,In-View,all,13862,49,0,$0.00,$0.00
2017-06-05,aBxmEWIJqr5QPcrkHcnlKl,dnevno.hr,Rest of the World,tablet,In-View,728x90,0,0,2579,$1.25,$3.22
2017-06-05,aBxmEWIJqr5QPcrkHcnlKl,dnevno.hr,Rest of the World,tablet,In-View,160x600,0,0,2453,$1.25,$3.07
2017-06-05,aBxmEWIJqr5QPcrkHcnlKl,dnevno.hr,Rest of the World,mobile,In-View,all,114363,263,0,$0.00,$0.00
2017-06-05,aBxmEWIJqr5QPcrkHcnlKl,dnevno.hr,Rest of the World,mobile,In-View,320x50,0,0,6685,$0.50,$3.34
2017-06-05,aBxmEWIJqr5QPcrkHcnlKl,dnevno.hr,Rest of the World,mobile,In-View,320x480,0,0,25982,$1.25,$32.48
2017-06-05,aBxmEWIJqr5QPcrkHcnlKl,dnevno.hr,Rest of the World,mobile,In-View,320x100,0,0,17526,$0.50,$8.76
2017-06-05,aBxmEWIJqr5QPcrkHcnlKl,dnevno.hr,Rest of the World,mobile,In-View,300x250,0,0,40648,$1.25,$50.81
2017-06-05,aBxmEWIJqr5QPcrkHcnlKl,dnevno.hr,Rest of the World,desktop,In-View,all,167372,20,0,$0.00,$0.00
2017-06-05,aBxmEWIJqr5QPcrkHcnlKl,dnevno.hr,Rest of the World,desktop,In-View,728x90,0,0,3747,$1.25,$4.68
2017-06-05,aBxmEWIJqr5QPcrkHcnlKl,dnevno.hr,Rest of the World,desktop,In-View,400x300,0,0,1404,$1.25,$1.76
2017-06-05,aBxmEWIJqr5QPcrkHcnlKl,dnevno.hr,Rest of the World,desktop,In-View,300x600,0,0,10925,$1.25,$13.66
2017-06-05,aBxmEWIJqr5QPcrkHcnlKl,dnevno.hr,Rest of the World,desktop,In-View,300x250,0,0,4208,$1.25,$5.26
2017-06-05,aBxmEWIJqr5QPcrkHcnlKl,dnevno.hr,Rest of the World,desktop,In-View,160x600,0,0,5707,$1.25,$7.13
2017-06-04,aBxmEWIJqr5QPcrkHcnlKl,dnevno.hr,United States,tablet,In-View,all,231,0,0,$0.00,$0.00
2017-06-04,aBxmEWIJqr5QPcrkHcnlKl,dnevno.hr,United States,tablet,In-View,728x90,0,0,92,$2.50,$0.23
2017-06-04,aBxmEWIJqr5QPcrkHcnlKl,dnevno.hr,United States,tablet,In-View,160x600,0,0,130,$2.54,$0.33
2017-06-04,aBxmEWIJqr5QPcrkHcnlKl,dnevno.hr,United States,mobile,In-View,all,4135,2,0,$0.00,$0.00
2017-06-04,aBxmEWIJqr5QPcrkHcnlKl,dnevno.hr,United States,mobile,In-View,320x50,0,0,1372,$1.00,$1.37
2017-06-04,aBxmEWIJqr5QPcrkHcnlKl,dnevno.hr,United States,mobile,In-View,320x480,0,0,334,$2.51,$0.84
2017-06-04,aBxmEWIJqr5QPcrkHcnlKl,dnevno.hr,United States,mobile,In-View,320x100,0,0,33,$0.91,$0.03
2017-06-04,aBxmEWIJqr5QPcrkHcnlKl,dnevno.hr,United States,mobile,In-View,300x250,0,0,2568,$2.50,$6.42
2017-06-04,aBxmEWIJqr5QPcrkHcnlKl,dnevno.hr,United States,desktop,In-View,all,9461,3,0,$0.00,$0.00
2017-06-04,aBxmEWIJqr5QPcrkHcnlKl,dnevno.hr,United States,desktop,In-View,728x90,0,0,300,$2.50,$0.75
2017-06-04,aBxmEWIJqr5QPcrkHcnlKl,dnevno.hr,United States,desktop,In-View,400x300,0,0,451,$2.51,$1.13
2017-06-04,aBxmEWIJqr5QPcrkHcnlKl,dnevno.hr,United States,desktop,In-View,300x600,0,0,279,$2.51,$0.70
2017-06-04,aBxmEWIJqr5QPcrkHcnlKl,dnevno.hr,United States,desktop,In-View,300x250,0,0,155,$2.52,$0.39
2017-06-04,aBxmEWIJqr5QPcrkHcnlKl,dnevno.hr,United States,desktop,In-View,160x600,0,0,235,$2.51,$0.59
2017-06-04,aBxmEWIJqr5QPcrkHcnlKl,dnevno.hr,Rest of the World,tablet,In-View,all,15891,68,0,$0.00,$0.00
2017-06-04,aBxmEWIJqr5QPcrkHcnlKl,dnevno.hr,Rest of the World,tablet,In-View,728x90,0,0,3062,$1.25,$3.83
2017-06-04,aBxmEWIJqr5QPcrkHcnlKl,dnevno.hr,Rest of the World,tablet,In-View,160x600,0,0,2699,$1.25,$3.37
2017-06-04,aBxmEWIJqr5QPcrkHcnlKl,dnevno.hr,Rest of the World,mobile,In-View,all,141937,293,0,$0.00,$0.00
2017-06-04,aBxmEWIJqr5QPcrkHcnlKl,dnevno.hr,Rest of the World,mobile,In-View,320x50,0,0,3631,$0.50,$1.82
2017-06-04,aBxmEWIJqr5QPcrkHcnlKl,dnevno.hr,Rest of the World,mobile,In-View,320x480,0,0,28587,$1.25,$35.73
2017-06-04,aBxmEWIJqr5QPcrkHcnlKl,dnevno.hr,Rest of the World,mobile,In-View,320x100,0,0,10087,$0.50,$5.04
2017-06-04,aBxmEWIJqr5QPcrkHcnlKl,dnevno.hr,Rest of the World,mobile,In-View,300x250,0,0,55900,$1.25,$69.88
2017-06-04,aBxmEWIJqr5QPcrkHcnlKl,dnevno.hr,Rest of the World,desktop,In-View,all,99067,20,0,$0.00,$0.00
2017-06-04,aBxmEWIJqr5QPcrkHcnlKl,dnevno.hr,Rest of the World,desktop,In-View,728x90,0,0,2805,$1.25,$3.51
2017-06-04,aBxmEWIJqr5QPcrkHcnlKl,dnevno.hr,Rest of the World,desktop,In-View,400x300,0,0,749,$1.26,$0.94
2017-06-04,aBxmEWIJqr5QPcrkHcnlKl,dnevno.hr,Rest of the World,desktop,In-View,300x600,0,0,8278,$1.25,$10.35
2017-06-04,aBxmEWIJqr5QPcrkHcnlKl,dnevno.hr,Rest of the World,desktop,In-View,300x250,0,0,3139,$1.25,$3.92
2017-06-04,aBxmEWIJqr5QPcrkHcnlKl,dnevno.hr,Rest of the World,desktop,In-View,160x600,0,0,4505,$1.25,$5.63
2017-06-03,aBxmEWIJqr5QPcrkHcnlKl,dnevno.hr,United States,tablet,In-View,all,213,0,0,$0.00,$0.00
2017-06-03,aBxmEWIJqr5QPcrkHcnlKl,dnevno.hr,United States,tablet,In-View,728x90,0,0,116,$2.50,$0.29
2017-06-03,aBxmEWIJqr5QPcrkHcnlKl,dnevno.hr,United States,tablet,In-View,160x600,0,0,140,$2.50,$0.35
2017-06-03,aBxmEWIJqr5QPcrkHcnlKl,dnevno.hr,United States,mobile,In-View,all,2093,0,0,$0.00,$0.00
2017-06-03,aBxmEWIJqr5QPcrkHcnlKl,dnevno.hr,United States,mobile,In-View,320x50,0,0,558,$1.00,$0.56
2017-06-03,aBxmEWIJqr5QPcrkHcnlKl,dnevno.hr,United States,mobile,In-View,320x480,0,0,190,$2.53,$0.48
2017-06-03,aBxmEWIJqr5QPcrkHcnlKl,dnevno.hr,United States,mobile,In-View,320x100,0,0,48,$1.04,$0.05
2017-06-03,aBxmEWIJqr5QPcrkHcnlKl,dnevno.hr,United States,mobile,In-View,300x250,0,0,1557,$2.50,$3.89
2017-06-03,aBxmEWIJqr5QPcrkHcnlKl,dnevno.hr,United States,desktop,In-View,all,5274,2,0,$0.00,$0.00
2017-06-03,aBxmEWIJqr5QPcrkHcnlKl,dnevno.hr,United States,desktop,In-View,728x90,0,0,217,$2.49,$0.54
2017-06-03,aBxmEWIJqr5QPcrkHcnlKl,dnevno.hr,United States,desktop,In-View,400x300,0,0,361,$2.49,$0.90
2017-06-03,aBxmEWIJqr5QPcrkHcnlKl,dnevno.hr,United States,desktop,In-View,300x600,0,0,238,$2.52,$0.60
2017-06-03,aBxmEWIJqr5QPcrkHcnlKl,dnevno.hr,United States,desktop,In-View,300x250,0,0,128,$2.50,$0.32
2017-06-03,aBxmEWIJqr5QPcrkHcnlKl,dnevno.hr,United States,desktop,In-View,160x600,0,0,147,$2.52,$0.37
2017-06-03,aBxmEWIJqr5QPcrkHcnlKl,dnevno.hr,Rest of the World,tablet,In-View,all,11918,48,0,$0.00,$0.00
2017-06-03,aBxmEWIJqr5QPcrkHcnlKl,dnevno.hr,Rest of the World,tablet,In-View,728x90,0,0,2643,$1.25,$3.30
2017-06-03,aBxmEWIJqr5QPcrkHcnlKl,dnevno.hr,Rest of the World,tablet,In-View,160x600,0,0,2161,$1.25,$2.70
2017-06-03,aBxmEWIJqr5QPcrkHcnlKl,dnevno.hr,Rest of the World,mobile,In-View,all,89655,243,0,$0.00,$0.00
2017-06-03,aBxmEWIJqr5QPcrkHcnlKl,dnevno.hr,Rest of the World,mobile,In-View,320x50,0,0,5449,$0.50,$2.72
2017-06-03,aBxmEWIJqr5QPcrkHcnlKl,dnevno.hr,Rest of the World,mobile,In-View,320x480,0,0,20167,$1.25,$25.21
2017-06-03,aBxmEWIJqr5QPcrkHcnlKl,dnevno.hr,Rest of the World,mobile,In-View,320x100,0,0,14273,$0.50,$7.14
2017-06-03,aBxmEWIJqr5QPcrkHcnlKl,dnevno.hr,Rest of the World,mobile,In-View,300x250,0,0,31779,$1.25,$39.72
2017-06-03,aBxmEWIJqr5QPcrkHcnlKl,dnevno.hr,Rest of the World,desktop,In-View,all,82619,20,0,$0.00,$0.00
2017-06-03,aBxmEWIJqr5QPcrkHcnlKl,dnevno.hr,Rest of the World,desktop,In-View,728x90,0,0,2237,$1.25,$2.80
2017-06-03,aBxmEWIJqr5QPcrkHcnlKl,dnevno.hr,Rest of the World,desktop,In-View,400x300,0,0,749,$1.26,$0.94
2017-06-03,aBxmEWIJqr5QPcrkHcnlKl,dnevno.hr,Rest of the World,desktop,In-View,300x600,0,0,6741,$1.25,$8.43
2017-06-03,aBxmEWIJqr5QPcrkHcnlKl,dnevno.hr,Rest of the World,desktop,In-View,300x250,0,0,2441,$1.25,$3.05
2017-06-03,aBxmEWIJqr5QPcrkHcnlKl,dnevno.hr,Rest of the World,desktop,In-View,160x600,0,0,3728,$1.25,$4.66
2017-06-02,aBxmEWIJqr5QPcrkHcnlKl,dnevno.hr,United States,tablet,In-View,all,207,0,0,$0.00,$0.00
2017-06-02,aBxmEWIJqr5QPcrkHcnlKl,dnevno.hr,United States,tablet,In-View,728x90,0,0,113,$2.48,$0.28
2017-06-02,aBxmEWIJqr5QPcrkHcnlKl,dnevno.hr,United States,tablet,In-View,160x600,0,0,110,$2.55,$0.28
2017-06-02,aBxmEWIJqr5QPcrkHcnlKl,dnevno.hr,United States,mobile,In-View,all,2379,1,0,$0.00,$0.00
2017-06-02,aBxmEWIJqr5QPcrkHcnlKl,dnevno.hr,United States,mobile,In-View,320x50,0,0,465,$1.01,$0.47
2017-06-02,aBxmEWIJqr5QPcrkHcnlKl,dnevno.hr,United States,mobile,In-View,320x480,0,0,128,$2.50,$0.32
2017-06-02,aBxmEWIJqr5QPcrkHcnlKl,dnevno.hr,United States,mobile,In-View,320x100,0,0,35,$1.14,$0.04
2017-06-02,aBxmEWIJqr5QPcrkHcnlKl,dnevno.hr,United States,mobile,In-View,300x250,0,0,1704,$2.50,$4.26
2017-06-02,aBxmEWIJqr5QPcrkHcnlKl,dnevno.hr,United States,desktop,In-View,all,7150,0,0,$0.00,$0.00
2017-06-02,aBxmEWIJqr5QPcrkHcnlKl,dnevno.hr,United States,desktop,In-View,728x90,0,0,224,$2.50,$0.56
2017-06-02,aBxmEWIJqr5QPcrkHcnlKl,dnevno.hr,United States,desktop,In-View,400x300,0,0,361,$2.49,$0.90
2017-06-02,aBxmEWIJqr5QPcrkHcnlKl,dnevno.hr,United States,desktop,In-View,300x600,0,0,241,$2.49,$0.60
2017-06-02,aBxmEWIJqr5QPcrkHcnlKl,dnevno.hr,United States,desktop,In-View,300x250,0,0,108,$2.50,$0.27
2017-06-02,aBxmEWIJqr5QPcrkHcnlKl,dnevno.hr,United States,desktop,In-View,160x600,0,0,152,$2.50,$0.38
2017-06-02,aBxmEWIJqr5QPcrkHcnlKl,dnevno.hr,Rest of the World,tablet,In-View,all,12120,52,0,$0.00,$0.00
2017-06-02,aBxmEWIJqr5QPcrkHcnlKl,dnevno.hr,Rest of the World,tablet,In-View,728x90,0,0,2349,$1.25,$2.94
2017-06-02,aBxmEWIJqr5QPcrkHcnlKl,dnevno.hr,Rest of the World,tablet,In-View,160x600,0,0,2260,$1.25,$2.83
2017-06-02,aBxmEWIJqr5QPcrkHcnlKl,dnevno.hr,Rest of the World,mobile,In-View,all,89515,226,0,$0.00,$0.00
2017-06-02,aBxmEWIJqr5QPcrkHcnlKl,dnevno.hr,Rest of the World,mobile,In-View,320x50,0,0,5205,$0.50,$2.60
2017-06-02,aBxmEWIJqr5QPcrkHcnlKl,dnevno.hr,Rest of the World,mobile,In-View,320x480,0,0,20085,$1.25,$25.11
2017-06-02,aBxmEWIJqr5QPcrkHcnlKl,dnevno.hr,Rest of the World,mobile,In-View,320x100,0,0,13789,$0.50,$6.89
2017-06-02,aBxmEWIJqr5QPcrkHcnlKl,dnevno.hr,Rest of the World,mobile,In-View,300x250,0,0,32291,$1.25,$40.36
2017-06-02,aBxmEWIJqr5QPcrkHcnlKl,dnevno.hr,Rest of the World,desktop,In-View,all,143183,25,0,$0.00,$0.00
2017-06-02,aBxmEWIJqr5QPcrkHcnlKl,dnevno.hr,Rest of the World,desktop,In-View,728x90,0,0,3103,$1.25,$3.88
2017-06-02,aBxmEWIJqr5QPcrkHcnlKl,dnevno.hr,Rest of the World,desktop,In-View,400x300,0,0,1109,$1.25,$1.39
2017-06-02,aBxmEWIJqr5QPcrkHcnlKl,dnevno.hr,Rest of the World,desktop,In-View,300x600,0,0,9076,$1.25,$11.35
2017-06-02,aBxmEWIJqr5QPcrkHcnlKl,dnevno.hr,Rest of the World,desktop,In-View,300x250,0,0,3670,$1.25,$4.59
2017-06-02,aBxmEWIJqr5QPcrkHcnlKl,dnevno.hr,Rest of the World,desktop,In-View,160x600,0,0,4412,$1.25,$5.52
2017-06-01,aBxmEWIJqr5QPcrkHcnlKl,dnevno.hr,United States,tablet,In-View,all,185,1,0,$0.00,$0.00
2017-06-01,aBxmEWIJqr5QPcrkHcnlKl,dnevno.hr,United States,tablet,In-View,728x90,0,0,84,$2.50,$0.21
2017-06-01,aBxmEWIJqr5QPcrkHcnlKl,dnevno.hr,United States,tablet,In-View,160x600,0,0,77,$2.47,$0.19
2017-06-01,aBxmEWIJqr5QPcrkHcnlKl,dnevno.hr,United States,mobile,In-View,all,1626,0,0,$0.00,$0.00
2017-06-01,aBxmEWIJqr5QPcrkHcnlKl,dnevno.hr,United States,mobile,In-View,320x50,0,0,369,$1.00,$0.37
2017-06-01,aBxmEWIJqr5QPcrkHcnlKl,dnevno.hr,United States,mobile,In-View,320x480,0,0,172,$2.50,$0.43
2017-06-01,aBxmEWIJqr5QPcrkHcnlKl,dnevno.hr,United States,mobile,In-View,320x100,0,0,44,$0.91,$0.04
2017-06-01,aBxmEWIJqr5QPcrkHcnlKl,dnevno.hr,United States,mobile,In-View,300x250,0,0,1526,$2.50,$3.82
2017-06-01,aBxmEWIJqr5QPcrkHcnlKl,dnevno.hr,United States,desktop,In-View,all,5396,5,0,$0.00,$0.00
2017-06-01,aBxmEWIJqr5QPcrkHcnlKl,dnevno.hr,United States,desktop,In-View,728x90,0,0,165,$2.48,$0.41
2017-06-01,aBxmEWIJqr5QPcrkHcnlKl,dnevno.hr,United States,desktop,In-View,400x300,0,0,362,$2.51,$0.91
2017-06-01,aBxmEWIJqr5QPcrkHcnlKl,dnevno.hr,United States,desktop,In-View,300x600,0,0,195,$2.51,$0.49
2017-06-01,aBxmEWIJqr5QPcrkHcnlKl,dnevno.hr,United States,desktop,In-View,300x250,0,0,118,$2.54,$0.30
2017-06-01,aBxmEWIJqr5QPcrkHcnlKl,dnevno.hr,United States,desktop,In-View,160x600,0,0,135,$2.52,$0.34
2017-06-01,aBxmEWIJqr5QPcrkHcnlKl,dnevno.hr,Rest of the World,tablet,In-View,all,12289,48,0,$0.00,$0.00
2017-06-01,aBxmEWIJqr5QPcrkHcnlKl,dnevno.hr,Rest of the World,tablet,In-View,728x90,0,0,2264,$1.25,$2.83
2017-06-01,aBxmEWIJqr5QPcrkHcnlKl,dnevno.hr,Rest of the World,tablet,In-View,160x600,0,0,2072,$1.25,$2.59
2017-06-01,aBxmEWIJqr5QPcrkHcnlKl,dnevno.hr,Rest of the World,mobile,In-View,all,96399,281,0,$0.00,$0.00
2017-06-01,aBxmEWIJqr5QPcrkHcnlKl,dnevno.hr,Rest of the World,mobile,In-View,320x50,0,0,4873,$0.50,$2.44
2017-06-01,aBxmEWIJqr5QPcrkHcnlKl,dnevno.hr,Rest of the World,mobile,In-View,320x480,0,0,21575,$1.25,$26.97
2017-06-01,aBxmEWIJqr5QPcrkHcnlKl,dnevno.hr,Rest of the World,mobile,In-View,320x100,0,0,13653,$0.50,$6.83
2017-06-01,aBxmEWIJqr5QPcrkHcnlKl,dnevno.hr,Rest of the World,mobile,In-View,300x250,0,0,35338,$1.25,$44.17
2017-06-01,aBxmEWIJqr5QPcrkHcnlKl,dnevno.hr,Rest of the World,desktop,In-View,all,147561,25,0,$0.00,$0.00
2017-06-01,aBxmEWIJqr5QPcrkHcnlKl,dnevno.hr,Rest of the World,desktop,In-View,728x90,0,0,3206,$1.25,$4.01
2017-06-01,aBxmEWIJqr5QPcrkHcnlKl,dnevno.hr,Rest of the World,desktop,In-View,400x300,0,0,1276,$1.25,$1.60
2017-06-01,aBxmEWIJqr5QPcrkHcnlKl,dnevno.hr,Rest of the World,desktop,In-View,300x600,0,0,8824,$1.25,$11.03
2017-06-01,aBxmEWIJqr5QPcrkHcnlKl,dnevno.hr,Rest of the World,desktop,In-View,300x250,0,0,3742,$1.25,$4.68
2017-06-01,aBxmEWIJqr5QPcrkHcnlKl,dnevno.hr,Rest of the World,desktop,In-View,160x600,0,0,4175,$1.25,$5.22
